,Title,Topic
0,Types of sets,Sets
1,CBSE Class 2 Maths | CBSE Maths Chapter 5 - Patterns | NCERT | CBSE Syllabus | Maths For Grade 2,Symmetry
2,Why Do We Fart? - The Dr. Binocs Show | Best Learning Videos For Kids | Peekaboo Kidz,Operations of Whole Number
3,Lesson 12. Triangles and Quadrilaterals | Maths Session for Grade 08,Number Patterns
4,"Triangular Numbers 1, 3, 6, 10, 15 Non-Linear Pattern Rules",Number Patterns
5,Multiples & Factors || Find the factors || Trivial Factors || Maths Activities,Factors and Multiplication
6,Factors and Multiples | Class 6 | Maths | CBSE | ICSE | FREE Tutorial,Factors and Multiplication
7,Grade 8 - Mathematics - Algebraic Expression 1 / WorksheetCloud Online Lesson,Algebra Expression
8,INTRODUCTION TO INTEGERS | GRADE 6,Directed Numbers
9,Let\u2019s Learn Good Behaviour | Good Manners For Kids | Good Habits For Kids | Pre School Junior,Directed Numbers
10,Math Antics - Order Of Operations,Operations of Whole Number
11,Factorising Algebraic Expressions ( factoring / factorizing ,Algebra Expression
12,Abacus tutorial for beginners - Math and Addition- How to start with Abacus easy way |2.5 yr Toddler,Operations of Whole Number
13,Lesson 24. Indices | Maths Session for Grade 06,Indices
14,Phonics Chapter 1 : Sounds of Alphabets | Learn Phonics  | Phonics Classroom Teaching,Directed Numbers
15,Meet the Math Facts - Multiplication & Division Level 1 (FREE) | Preschool Prep,Angles
16,Types of sets,Sets
17,Phonics Course Level 1 | Learn Phonics For Kids | Alphabet Sounds | Phonics For Pre School,Number Patterns
18,Angles (part 3) | Angles and intersecting lines | Geometry | Khan Academy,Angles
19,Singular and Plural | Singular & Plural Nouns | Phonics | Pre School Kindergarte,Angles
20,Adding and Subtracting Integers Using a Simple Metho,Directed Numbers
21,ore and After Numbers | Mathematics Grade 1 | Periwinkle,Directed Numbers
22,Set Builder Notation and Roster Method,Sets
23,Place Value Of The Digits In A Number | Mathematics Grade 5 | Periwinkle,Operations of Whole Number
24,"Sets Exercise 1.3 (Q1, Q2) class 11 Maths Ncert",Sets
25,Lesson 8. Directed Numbers | Maths Session for Grade 07,Directed Numbers
26,/L Maths Lessons in Sinhala - Number Patterns | Grade 8 Lesson 1 Mathematics in Sinhala | guruthuma,Number Patterns
27,Lesson 3. Operations on whole numbers | Maths Session for Grade 07,Operations of Whole Number
28,Solving Word Problems Involving Operations | MathDali | Grade 4 Math,Operations of Whole Number
29,"Earth Science for Kids - Solar System, Weather, Fossils, Volcanoes & More - Rock 'N Learn",Number Patterns
30,"Types of Angles According to Measures | Mathematics Grade 5 | Periwinkle""",Angles
31,LCM and HCF by using Prime Factorization Method |Class 1 to 5|,Factors and Multiplication
32,Weather and Climate | Marvel Semester Series Social Studies Grade 3 | Periwinkle,Directed Numbers
33,Factors and Multiples - Grade 6 - 11th lesson - English Medium - Sri Lankan National Curriculum,Factors and Multiplication
34,"xponent rules part 1 | Exponents, radicals, and scientific notation | Pre-Algebra | Khan Academy",Indices
35,Factors and Multiples | Mathematics Grade 5 | Periwinkle,Factors and Multiplication
36,Learning Even And Odd Numbers | Mathematics Grade 2 | Periwinkle,Number Patterns
37,Learn to Find Area and Perimeter of Square and Rectangle | Math | Grade-5 | Tutway |,Perimeter
38,Invention Of BRAILLE - Language Of The Blind  | The Dr. Binocs Show | Best Learning Video for Kids,Algebra Expression
39,Class 5 || Maths || Are,Angles
40,Simple Math Tricks You Weren\u2019t Taught at Schoo,Operations of Whole Number
41,MATH Quiz: Are You Smarter than 8th grader? | Can You Pass 8th Grade? - 30 Question,Algebra Expression
42,Lesson 1. Number Patterns | Maths Session for Grade 08,Number Patterns
43,Class 5 || CBSE || Maths || Let us start learning Mathematics || The Fish Tale,Symmetry
44,Lesson 24. Indices | Maths Session for Grade 06,Indices
45,Lesson 12. Indices | Maths Session for Grade 09,Indices
46,"""Reflectional Symmetry and Rotational Symmetry | Don't Memorise",Symmetry
47,"Fractions I - Grade 8 - 13th lesson - English Medium - Sri Lankan National Curriculum""",Algebra Expression
48,Math Antics - Perimeter,Perimeter
49,Symmetry - Introduction | Class 6 Maths,Symmetry
50,What are Sets? | Set Theory | Don't Memorise,Sets
51,Adding/subtracting negative numbers | Pre-Algebra | Khan Academy,Directed Numbers
52,Intro to Symmetry (Part 2) | What is Symmetry? | Lines of Symmetry,Symmetry
53,Introduction to exponents | Pre-Algebra | Khan Academy,Indices
54,Types of sets,Sets
55,How to Find Area and Perimeter,Perimeter
56,Properties of Whole Numbers - Part 1 | Don't Memorise,Operations of Whole Number
57,Solving Algebraic Expressions (Grade 8 Nelson Lesson 8.3 4 9 13,Algebra Expression
58,"Perimeter and area of a non-standard polygon | Perimeter, area, and volume | Geometry | Khan Academy",Perimeter
59,Patterns | Maths for Kids | Kindergarten Maths School Syllabus | Maths For Pre School,Number Patterns
60,NCERT Grade 8 || CBSE Class 8 - Algebraic Expressions and Identities Introduction in Tamil,Algebra Expression
61,Lesson 4. Factors and Multiples (Part I) | Maths Session for Grade 07,Symmetry
62,Intro to Symmetry (Part 1) | What is Symmetry? | Lines of Symmetry,Symmetry
63,New Divide Tricks | Division Tricks | Divisibility Rules | Divisibility Rule For 7 | Maths Tricks,Indices
64,Sets I | Class 6 | Maths | CBSE | ICSE | FREE Tutorial,Sets
65,Algebra as a Pattern,Algebra Expression
66,9 Incredible Science Facts You Probably Didn't Learn At School,Sets
67,9 Incredible Science Facts You Probably Didn't Learn At School,Indices
68,Triangles | Mathematics Grade 5 | Periwinkle,Perimeter
69,Introduction to square roots | Numbers and operations | 8th grade | Khan Academy,Directed Numbers
70,Algebra Basics: Solving 2-Step Equations - Math Antics,Algebra Expression
71,The Pythagorean theorem intro | Right triangles and trigonometry | Geometry | Khan Academy,Perimeter
72,Math Antics - Prime Factorization,Factors and Multiplication
73,Intro to the number line | Class 6 (India) | Math | Khan Academ,Operations of Whole Number
74,Introduction - Data Handling Chapter 5 - NCERT Class 8th Maths Solutions,Angles
75,Math Antics - Adding & Subtracting Integers,Directed Numbers
76,Phonics Course Level 1 | Learn Phonics For Kids | Alphabet Sounds | Phonics For Pre School,Perimeter
77,Health and Physical Education Grade 7 | Let us build a healthy family environment | English Medium,Operations of Whole Number
78,Phonics Chapter 1 : Sounds of Alphabets | Learn Phonics  | Phonics Classroom Teaching,Symmetry
79,Grade 9 - Mathematics - Indices PART 1 (English Medium),Indices
80,Directed numbers | Addition | Subtraction,Directed Numbers
81,Algebra Basics: What Are Polynomials? - Math Antics,Directed Numbers
82,Negative Numbers: An Overview,Directed Numbers
83,Algebraic Expressions | Class 7 | Maths| CBSE | ICSE | FREE Tutorial,Algebra Expression
84,10 Fun Kiddy Riddles That Stump Most Adults,Number Patterns
85,Math Antics - Scientific Notation,Directed Numbers
86,Introduction to Algebra | Algebra for Beginners | Math | LetsTute,Algebra Expression
87,Math Antics - Long Division,Angles
88,Lesson 29. Likelihood of an Event Occurring | Maths Session for Grade 07,Operations of Whole Number
89,Symmetrical & Non Symmetrical Shapes,Symmetry
90,Perimeter | Maths for Kids | Grade 4 | Periwinkle,Perimeter
91,Lesson 1. Bilateral Symmetry | Maths Session for Grade 07,Symmetry
92,Roman Numerals | Mathematics Grade 5 | Periwinkle,Operations of Whole Number
93,Understanding Patterns | Mathematics Grade 1 | Periwinkle,Number Patterns
94,Introduction to rational and irrational numbers | Algebra I | Khan Academy,Number Patterns
95,Invention Of BRAILLE - Language Of The Blind  | The Dr. Binocs Show | Best Learning Video for Kids,Algebra Expression
96,Grade 8 Introduction to Perimeter and Area,Perimeter
97,Perimeter and area full chapter | Mathematics | Class 7 | CBSE Syllabus,Perimeter
98,Measure Length | Mathematics Grade 1 | Periwinkle,Perimeter
99,Lesson 4. Directed Numbers | Maths Session for Grade 08,Number Patterns
100,Class 5 || CBSE || Maths || Let us start learning Mathematics || The Fish Tale,Perimeter
101,Factors and Multiples made easy |Prime Factorization| Find factors of all numbers| Class 1 to 5 |,Factors and Multiplication
102,Introduction To Negative Numbers |  Maths Concept For Kids | Maths Grade 5 | Periwinkle,Directed Numbers
103,Going To the Forest | Wild Animals for Kids and More Learning Songs & Nursery Rhymes by ChuChu TV,Directed Numbers
104,Volume of a Cuboid | Mathematics Grade 5 | Periwinkle,Angles
105,Indices Grade 07,Indices
106,Phonics Chapter 10 : Blending Words | Learn Phonics For Kids | Phonics Classroom Teaching Lessons,Indices
107,"""9 Incredible Science Facts You Probably Didn't Learn At School",Algebra Expression
108,Math Antics - Negative Numbers,Directed Numbers
109,Abacus Class - Introduction | Learn basics Abacus | Beginners Abacus Lesson 1,Operations of Whole Number
110,Perimeter | Maths for Kids | Grade 4 | Periwinkle,Symmetry
111,Class 6 Maths - Ratio and Proportion | Ratio,Indices
112,Algebra Basics: Laws Of Exponents - Math Antics,Indices
113,Math Antics - Basic Probability,Indices
114,Grade 8 Math - Lesson 8.5: Solving Equations,Algebra Expression
115,"Math Antics - Points, Lines, & Planes",Angles
116,Maths Symmetry part 1 (Introduction) CBSE Class 6 Mathematics VI,Symmetry
117,"""Maths Symmetry part 4 (Line Symmetry) CBSE Class 6 Mathematics VI",Symmetry
118,Grade 5|| MATHS || Unit 6- LCM and HCF,Factors and Multiplication
119,9 Incredible Science Facts You Probably Didn't Learn At Schoo,Algebra Expression
120,Q 3 - Ex 2.2 - Linear Equations in One Variable - NCERT Maths Class 8th - Chapter 2,Perimeter
121,"""How to become a Math Genius.\u2714\ufe0f How do genius people See a math problem! by mathOgenius",Angles
122,Introduction to Perimeter | #aumsum #kids #science #education #children,Perimeter
123,Phonics Course Level 1 | Learn Phonics For Kids | Alphabet Sounds | Phonics For Pre School,Indices
124,Lesson 4. Directed Numbers | Maths Session for Grade 08,Directed Numbers
125,Area and Perimeter,Perimeter
126,O/L Maths Lessons in Sinhala - Perimeter | Grade 8 Lesson 2 Mathematics in Sinhala | guruthuma,Perimeter
127,Reflectional Symmetry and Rotational Symmetry | Don't Memorise,Symmetry
128,Introduction to rational and irrational numbers | Algebra I | Khan Academy,Directed Numbers
129,Multiple and Factors Part-2 | 5th std Maths Syllabus | Exercises & Activities | Easy to Learn Maths,Factors and Multiplication
130,Practice finding patterns in numbers | 3rd grade | Khan Academy,Number Patterns
131,Law of indices (all index laws) - Math,Indices
132,"10 Math Games That'll Boost Your Brain Power By 80%"",",Algebra Expression
133,Lesson 6. Factors of the Algebraic Expressions | Maths Session for Grade 9,Algebra Expression
134,Symmetry - (CBSE Grade: 06 Maths,Symmetry
135,Angles - Types and definition - Mathematics for kids,Angles
136,What is Reflectional Symmetry | Class 7th Maths,Symmetry
137,Year 7 Indices,Indices
138,"Intro to Angles for Kids: Understanding Angles for Children - FreeSchool Math"", ",Angles
139,Factors and Multiples - Playing with Numbers | Class 6 Maths,Factors and Multiplication
140,Reflectional Symmetry and Rotational Symmetry | Don't Memorise,Symmetry
141,"Math Antics - Points, Lines, & Planes",Angles
142,GCF,Factors and Multiplication
143,ALGEBRAIC EXPRESSIONS & EQUATIONS | GRADE 6,Algebra Expression
144,6th Grade Math Assessment Practice Day 1,Sets
145,Lesson 8. Square Root | Maths Session for Grade 08,Number Patterns
146,Good Manners in Everyday Life for kids in English | Good Manners Videos For All | Good Habit,Symmetry
147,Set Theory - Union Intersection Complement Subset - Class 7 & 8 Math,Sets
148,The Pythagorean theorem intro | Right triangles and trigonometry | Geometry | Khan Academy,Angles
149,Fractional Exponents,Indices
150,Algebra Basics: Solving 2-Step Equations - Math Antics,Directed Numbers
151,Grade 2  Maths Number Patterns,Number Patterns
152,Simple Math Tricks You Weren\u2019t Taught at School,Sets
153,6th Std English || Grammar Time || Parts of Speech || English Grammar || Prose,Indices
154,26 FAST MATHS TRICKS YOU MUST KNOW,Factors and Multiplication
155,Algebraic Expressions and Identities full lesson | Mathematics | Class 8 | CBSE Syllabus,Algebra Expression
156,Understand and Learn the Rules of Positive and Negative Numbers,Directed Numbers
157,"Indices (Powers)"", ",Indices
158,Laws Of Indices - Part 1 | Algebra | Maths | FuseSchool,Indices
159,5th std Maths Syllabus | Mathematics | Money Part -1 | Exercises & Activities,Perimeter
160,Factors and Multiples,Factors and Multiplication
161,Lesson 4. Directed Numbers | Maths Session for Grade 08,Number Patterns
162,Angles - Types and definition - Mathematics for kids,Angles
163,Class 5th Shapes and angles chapter 2 Maths,Angles
164,Number sets | Fractions | Pre-Algebra | Khan Academy,Directed Numbers
165,A Trick for Adding and Subtracting Negative Numbers,Directed Numbers
166,Rubi Theresa  Trick to remember trigonometric values|Palm Trick (In English,Perimeter
167,Missing value addition and subtraction problems with negative numbers | 7th grade | Khan Academy,Directed Numbers
168,26 FAST MATHS TRICKS YOU MUST KNOW,Indices
169,INTRODUCTION to SET THEORY - DISCRETE MATHEMATICS,Sets
170,Learning about Area | #aumsum #kids #science #education #children,Perimeter
171,Lesson 3. Angles | Maths Session for Grade 08,Number Patterns
172,Basic addition | Addition and subtraction | Arithmetic | Khan Academy,Indices
173,Direct And Indirect Objects | English Grammar & Composition Grade 5 | Periwinkle,Sets
174,Negative Numbers: An Overview,Directed Numbers
175,Refraction of Ligh,Angles
176,Prime factorization | Factors and multiples | Pre-Algebra | Khan Academy,Factors and Multiplication
177,Grade 8 Geometry,Angles
178,Class 5 || Maths || Decimal Fractions,Perimeter
179,Math Antics - Perimeter,Perimeter
180,What is a Linear Equation in One Variable? | Don't Memorise,Algebra Expression
181,Perimeter for Kids | Math Lesson ,Perimeter
182,Rounding The Numbers | Mathematics Grade 5 | Periwinkle,Operations of Whole Number
183,Regrouping whole numbers | Arithmetic properties | Pre-Algebra | Khan Academy,Operations of Whole Number
184,Introduction to transformations | Transformations | Geometry | Khan Academy,Angles
185,A Trick for Adding and Subtracting Negative Numbers,Directed Numbers
186,Introduction - Mensuration - Chapter 11 - NCERT Class 8th Maths,Perimeter
187,Perimeter of a shape | Measurement | Pre-Algebra | Khan Academy,Perimeter
188,Lesson 1. Number Patterns | Maths Session for Grade 09,Number Patterns
189,Equivalent expressions with distribution and negative numbers | 7th grade | Khan Academy,Directed Numbers
190,Math Antics - Perimeter,Perimeter
191,Negative numbers introduction | Negative numbers and absolute value | Pre-Algebra | Khan Academy,Directed Numbers
192,Factors and Multiples | Mathematics Grade 5 | Periwinkle,Factors and Multiplication
193,Writing Roman Numerals | Mathematics Grade 3 | Periwinkle,Directed Numbers
194,1st STD Maths CBSE Syllabus | CBSE Maths | Chapter - Bigger Number | Mathematics Lesson -11,Symmetry
195,Lesson 5. Algebraic Expressions | Maths Session for Grade 08,Algebra Expression
196,Relations and functions | Functions and their graphs | Algebra II | Khan Academy,Symmetry
197,Grade 6 maths sinhala 6 \u0dc0\u0dc3\u0dbb \u0daf\u0dd9\u0dc0\u0db1 \u0dc0\u0dcf\u0dbb\u0dba \u0db4\u0dc5\u0db8\u0dd4 \u0db4\u0dcf\u0da9\u0db8  mathematics sinhala ganithaya 6 wasara,Sets
198,19 Best Short English Stories for Kids Collection | Infobells,Symmetry
199,GCF,Factors and Multiplication
200,"Introduction to geometric sequences | Sequences, series and induction | Precalculus | Khan Academy",Number Patterns
201,Math Antics - Angles & Degrees,Angles
202,What is Number Sequencing?,Number Patterns
203,Lesson 1 - Multiply Whole Numbers By Fractions (5th Grade Math,Operations of Whole Number
204,Ones & Tens | Mathematics Grade 1 | Periwinkle,Operations of Whole Number
205,"""Q 10, Ex 11.3 - Perimeter and Area - Chapter 11 - Maths Class 7th - NCERT"",",Perimeter
206,Algebra Basics: What Is Algebra? - Math Antics,Directed Numbers
207,Math Antics - Telling Time,Angles
208,Triangles | Mathematics Grade 5 | Periwinkle,Angles
209,Lesson 5. Indices | Maths Session for Grade 07,Indices
210,Lesson 3 - Indices and Logarithms -II |  Maths Session-Term 1 #logarithms #DPEducation #Grade11Maths,Indices
211,Grade 06 Science lessons in Sinhala |  Unit 06 | 6 \u0dc0\u0dc3\u0dbb \u0dc0\u0dd2\u0daf\u0dca\u200d\u0dba\u0dcf\u0dc0 06 \u0db4\u0dcf\u0da9\u0db8 | \u0dc1\u0db6\u0dca\u0daf\u0dba \u0dc4\u0dcf \u0d87\u0dc3\u0dd3\u0db8,Indices
212,Class 5 || Maths || Fractions   Equivalent Fractions,Perimeter
213,How to Remember what you study? | How to Increase your Memory Power? | Study Tips | Letstute,Angles
214,"Simplifying Exponents With Fractions, Variables, Negative Exponents, Multiplication & Division, Math",Indices
215,"""5th std Maths Syllabus | Mathematics | Money Part -1 | Exercises & Activities",Symmetry
216,Line Of Symmetry | Mathematics Grade 4 | Periwinkle,Symmetry
217,Learning Factors | Mathematics Grade 4 | Periwinkle,Factors and Multiplication
218,Phonics Chapter 1 : Sounds of Alphabets | Learn Phonics  | Phonics Classroom Teaching,Perimeter
219,Finding factors of a number | Factors and multiples | Pre-Algebra | Khan Academy,Factors and Multiplication
220,Relationship Of Multiplication And Division | Mathematics Grade 3 | Periwinkle,Factors and Multiplication
221,Grade 8 Numeric patterns Part 1,Number Patterns
222,Profit and Loss | Mathematics Grade 5 | Periwinkle,Directed Numbers
223,Lesson 8. Square Root | Maths Session for Grade 08,Number Patterns
224,ors and multiples | Playing with numbers #1 | Class 6 Maths,Factors and Multiplication
225,Math patterns example 2 | Applying mathematical reasoning | Pre-Algebra | Khan Academy,Number Patterns
226,Lines and Angles | Geometry | Math | Letstute,Angles
227,"Grade 6 Math #1.1, What are Exponents - How to Read and Write them",Indices
228,Everything About Circle Theorems - In 3 minutes,Angles
229,Numbers & Place value - Part 2 | 5th std Maths Syllabus | Mathematics,Operations of Whole Number
230,Math Antics - Perimeter,Symmetry
231,What is ACID RAIN? | Acid Rain | Dr Binocs Show | Kids Learning Video | Peekaboo Kidz,Perimeter
232,"Learn Subtraction Using Number Line | Mathematics Book B | Periwinkle"", ",Directed Numbers
233,SOLVING ALGEBRAIC EQUATIONS | GRADE 6,Algebra Expression
234,Introduction - Mensuration - Chapter 11 - NCERT Class 8th Maths,Perimeter
235,Expanded Notation of A Number | Mathematics Grade 4 | Periwinkle,Operations of Whole Number
236,Symmetry full chapter | Mathematics | Class 7 | CBSE Syllabus,Symmetry
237,ass-7 | Multiplication of Algebraic Expression | Algebraic Expression by ajay sir,Algebra Expression
238,apes and Angles Measurement  - Part 1 | 5th std Maths Syllabus | Mathematics,Factors and Multiplication
239,Prime and Composite Numbers | Mathematics Grade 4 | Periwinkle,Factors and Multiplication
240,What are Real Numbers? | Don't Memorise,Directed Numbers
241,Abacus Class - Introduction | Learn basics Abacus | Beginners Abacus Lesson 1,Indices
242,https://i.ytimg.com/vi/_n3KZR1DSEo/maxresdefault.jpg,Angles
243,Grade 8 Numeric and Geometric Patterns,Number Patterns
244,How to classify numbers | Numbers and operations | 8th grade | Khan Academy,Operations of Whole Number
245,Class 5 || Maths || Decimal Fractions,Indices
246,Grade 8 - Mathematics - Algebraic Equations 1 / WorksheetCloud Video Lesson,Algebra Expression
247,Introduction to Perimeter | #aumsum #kids #science #education #children,Perimeter
248,What are examples of adjacent angle,Angles
249,Finding LCM using prime factorisation,Indices
250,Direct And Indirect Objects | English Grammar & Composition Grade 5 | Periwinkle,Directed Numbers
251,What is a Universal Set? | Don't Memorise,Sets
252,ALGEBRAIC EXPRESSIONS & EQUATIONS | GRADE 6,Algebra Expression
253,Factors and Multiples | Mathematics Grade 5 | Periwinkle,Factors and Multiplication
254,Perimeter | Mathematics Grade 3 | Periwinkle,Perimeter
255,Addition Word Problems | Word Problems on Addition | Maths For Class 2 | Maths Basics CBSE Children,Operations of Whole Number
256,Maths Algebraic Expressions part 1 (Introduction) CBSE Class 7  Mathematics VI,Algebra Expression
257,Math Antics - What Are Percentages?,Sets
258,Grade 8 Lessons 1 - Numbers Patterns,Number Patterns
259,Algebraic Expressions,Algebra Expression
260,Grade 8 - Mathematics - Algebraic Expression 1 / WorksheetCloud Online Lesson,Algebra Expression
261,Highest Common Factor (HCF) | Mathematics Grade 4 | Periwinkle,Sets
262,Math Antics - Integer Multiplication & Division,Directed Numbers
263,Lesson 2. Place Value | Maths Session for Grade 06,Indices
264,Line Of Symmetry | Mathematics Grade 4 | Periwinkle,Symmetry
265,"Divisibility tests for 2, 3, 4, 5, 6, 9, 10 | Factors and multiples | Pre-Algebra | Khan Academy",Factors and Multiplication
266,Symmetry - More Math for Grades 6-8 on the Learning Videos Channel,Symmetry
267,Parabola vertex and axis of symmetry | Quadratic equations | Algebra I | Khan Academy,Symmetry
268,Fractions Part-2 || 5th std Maths Syllabus || Exercises and Activities || Easy to Learn Maths,Symmetry
269,Symmetry - Grade 8 - 11th lesson - English Medium - Sri Lankan National Curriculum,Symmetry
270,Local and Self Government | Marvel Semester Series Social Studies Grade 4 | Periwinkle,Indices
271,"Exterior Angle Theorem For Triangles, Practice Problems - Geometry",Angles
272,Basic Division | #aumsum #kids #science #education #children,Indices
273,Basic geometry: language and labels | Introduction to Euclidean geometry | Geometry | Khan Academy,Angles
274,Grade 8 Numeric patterns Part 1,Number Patterns
275,CLASS 8 | MATHS | CHAPTER 3 | E.X. 3.2 | EXTERIOR ANGLE | POLYGON | QUADRILATERALS| PART-2| NCERT,Angles
276,Introduction to Perimeter | #aumsum #kids #science #education #children,Perimeter
277,Symmetry | Class 7 | Maths| CBSE | ICSE | FREE Tutoria,Symmetry
278,Rules Of Divisibility | Mathematics Grade 4 | Periwinkle,Number Patterns
279,Factors and Multiples made easy |Prime Factorization| Find factors of all numbers| Class 1 to 5,Angles
280,Addition And Subtraction Of Integers | Mathematics Grade 5 | Periwinkle,Directed Numbers
281,Math Antics - Factoring,Factors and Multiplication
282,Basics of Algebraic Expressions (GMAT/GRE/CAT/Bank PO/SSC CGL) | Don't Memorise,Algebra Expression
283,Microorganisms Friend and Foe | Class 8 Science Sprint for Final Exams | Class 8 Science Chapter 2,Number Patterns
284,Introduction To Negative Numbers |  Maths Concept For Kids | Maths Grade 5 | Periwinkle,Directed Numbers
285,"Understanding Elementary Shapes\"" Chapter 5 - Introduction - Class 6th Maths",Sets
286,Number Patterns | Maths For Class 2 | Maths Basics For CBSE Children,Number Patterns
287,w to evaluate expressions with two variables | 6th grade | Khan Academy,Indices
288,Factorize algebraic expressions | Factorization class 8 | algebraic expressions class 9 | Factorize,Algebra Expression
289,Highest Common Factor (HCF) | Mathematics Grade 4 | Periwinkle,Factors and Multiplication
290,Math Antics - Adding & Subtracting Integers,Directed Numbers
291,"Whole Number Operations | Adding, Subtracting, Multiplying, and Dividing",Operations of Whole Number
292,Math Antics - Perimeter,Sets
293,Lesson 6. Factors of the Algebraic Expressions | Maths Session for Grade 9,Algebra Expression
294,ABC Phonics Numbers Shapes & Colors | Nursery Rhymes Songs for Kindergarten Kids by Little Treehouse,Indices
295,"Introduction to ratios | Ratios, rates, and percentages | 6th grade | Khan Academy",Indices
296,Gravity Visualized,Angles
297,Types of Sets Grade 6,Sets
298,Squares Of Numbers | Mathematics Grade 5 | Periwinkle,Factors and Multiplication
299,Intervals and interval notation | Functions | Algebra I | Khan Academy,Sets
300,HCF By Successive Division Method or Continued Division Method | Mathematics Grade 5 | Periwinkle,Factors and Multiplication
301,Complementary and supplementary angles | Angles and intersecting lines | Geometry | Khan Academy,Angles
302,Lesson 3. Operations on whole numbers | Maths Session for Grade 07,Operations of Whole Number
303,5 TIPS TO STUDY WELL IN TAMIL|How to Study for Exams in tamil|SMART STUDY METHODS|almost everything,Sets
304,Multiplication Tables upto 1000 in vedic maths | Speed Maths | Vedic Mathematics,Algebra Expression
305,Basic Algebra Formulas | Part 1 | (Maths Formulas) | SSC MATHS | Shortcut World | Online CSK,Algebra Expression
306,Subtraction for kids - Learn how to subtract - Mathematics for kids ,Operations of Whole Number
307,Abacus Class - Introduction | Learn basics Abacus | Beginners Abacus Lesson 1,Directed Numbers
308,"Rubi Theresa  Trick to remember trigonometric values|Palm Trick (In English)"", ",Perimeter
309,Angles | Mathematics Grade 4 | Periwinkle,Angles
310,Algebra Trick to save you time (Algebra Tricks),Algebra Expression
311,Magic with numbers | Number tricks | Smart Learning Tube,Sets
312,Math Antics - Basic Probability,Indices
313,Lesson 4. Directed Numbers | Maths Session for Grade 08,Number Patterns
314,Using factors and multiples to figure out days of the week | Pre-Algebra | Khan Academy,Factors and Multiplication
315,Lesson 5. Indices | Maths Session for Grade 07,Indices
316,,Sets
317,Drawing Different Types of Lines | Maths For Class 2 | Maths Basics For CBSE Children,Angles
318,Class 5 || Maths || Division,Perimeter
319,Lesson 1. Number Patterns | Maths Session for Grade 08,Number Patterns
320,Symmetry | Class 7 | Maths| CBSE | ICSE | FREE Tutorial,Symmetry
321,9 Incredible Science Facts You Probably Didn't Learn At School,Indices
322,Algebra Basics: What Are Polynomials? - Math Antics,Algebra Expression
323,Math Videos:  How To Learn Basic Arithmetic Fast - Online Tutorial Lessons,Operations of Whole Number
324,Negative Numbers Subtracting (Easy Method,Directed Numbers
325,"Speed, Distance, Time | Mathematics Grade 5 | Periwinkle",Angles
326,Lesson 4. Factors and Multiples (Part I) | Maths Session for Grade 07,Factors and Multiplication
327,Factors for the First Time,Factors and Multiplication
328,Lesson 6. Solids | Maths Session for Grade 08,Algebra Expression
329,Grade 08 - Math ( 8 \u0dc1\u0dca\u200d\u0dbb\u0dda\u0dab\u0dd2\u0dba - \u0d9c\u0dab\u0dd2\u0dad\u0dba ) - \u0dc3\u0d82\u0d9b\u0dca\u200d\u0dba\u0dcf \u0dbb\u0da7\u0dcf - N 06,Number Patterns
330,Grade 8 Lessons 1 - Numbers Patterns,Number Patterns
331,Mathematics - Grade 5: Union and Intersection of Sets,Sets
332,Lesson 7. Factors | Maths Session for Grade 08,Number Patterns
333,Lesson 1. Number Patterns | Maths Session for Grade 08,Number Patterns
334,Lesson 2. Sets | Maths Session for Grade 07,Sets
335,Numbers & Place value - Part 2 | 5th std Maths Syllabus | Mathematics,Factors and Multiplication
336,Vinculum | Subtractions | Speed Maths | Vedic Mathematics,Operations of Whole Number
337,Science | Grade 7 Science 11th Lesson,Sets
338,Introduction to Geometry,Angles
339,How to become a Math Genius.\u2714\ufe0f How do genius people See a math problem! by mathOgenius,Indices
340,Math Antics - Exponents and Square Roots,Indices
341,Order Of Operations - DMAS | Mathematics Grade 4 | Periwinkle,Operations of Whole Number
342,Basics of Algebraic Expressions (GMAT/GRE/CAT/Bank PO/SSC CGL) | Don't Memorise,Algebra Expression
343,"What are variables, expressions, and equations? | Introduction to algebra | Algebra I | Khan Academy",Indices
344,Negative and Positive Numbers - Basic Mathematical Operations,Directed Numbers
345,Number Patterns - Grade 8 - 1st lesson - English Medium - Sri Lankan National Curriculum,Number Patterns
346,"01 - Introduction to Physics, Part 1 (Force, Motion & Energy) - Online Physics Course",Angles
347,Binomial theorem | Polynomial and rational functions | Algebra II | Khan Academy,Symmetry
348,5th std Maths Syllabus | Mathematics | Time Part-1 | Exercises & Activities,Symmetry
349,Triangle angle example 3 | Angles and intersecting lines | Geometry | Khan Academy,Angles
350,Directed numbers | Addition | Subtractio,Directed Numbers
351,Rules Of Divisibility | Mathematics Grade 4 | Periwinkle,Directed Numbers
352,Patterns in sequences 2 | Linear equations | Algebra I | Khan Academy,Number Patterns
353,Introduction of SET | Chapter 1 | Class 6 | Math Study Nepal,Sets
354,Introduction to Algebra | Ap&TS syllabus Class 6 Maths | Full lesson,Algebra Expression
355,Number Patterns - Grade 8 - 1st lesson - English Medium - Sri Lankan National Curriculum,Number Patterns
356,"Place Value - Using Hundreds, Tens, and Ones",Operations of Whole Number
357,The Distributive Property In Arithmetic,Operations of Whole Number
358,Introduction to decimals | Decimals | 4th grade | Khan Academy,Operations of Whole Number
359,Learn 2 to 9 Times Multiplication Tricks | Easy and fast way to learn | Math Tips and Tricks,Number Patterns
360,Math Antics - Rounding,Angles
361,Math Antics - Ratios And Rates,Directed Numbers
362,Addition And Subtraction Of Integers | Mathematics Grade 5 | Periwinkle,Operations of Whole Number
363,Negative Numbers Subtracting (Easy Method,Directed Numbers
364,Algebra for Beginners | Basics of Algebra,Algebra Expression
365,Factors for the First Time,Factors and Multiplication
366,Q 1 - Ex 2.2 - Linear Equations in One Variable - NCERT Maths Class 8th - Chapter 2,Number Patterns
367,Intro to Symmetry: All About Symmetry for Kids - FreeSchool,Symmetry
368,Algebraic Expressions - Class 8 Math,Algebra Expression
369,Multiples vs. Factors | What are Multiples and Factors? | Math with Mr. J,Factors and Multiplication
370,Multiples vs. Factors | What are Multiples and Factors? | Math with Mr. J,Factors and Multiplication
371,Measuring Angles | Mathematics Grade 4 | Periwinkle,Factors and Multiplication
372,Math Antics - Integer Multiplication & Division,Directed Numbers
373,"Simple Tenses - Present, Past and Future | English Grammar & Composition Grade 4 | Periwinkle",Perimeter
374,Math Antics - Number Patterns,Number Patterns
375,Lesson 5. Algebraic Expressions |  Maths Session for,Algebra Expression
376,Rubi Theresa  Trick to remember trigonometric values|Palm Trick (In English),Angles
377,Prime Factorisation | Mathematics Grade 4 | Periwinkle,Factors and Multiplication
378,What is Symmetry? - Basics | Line of Symmetry | Don't Memorise,Symmetry
379,26 FAST MATHS TRICKS YOU MUST KNOW,Sets
380,Recognizing prime and composite numbers | Factors and multiples | Pre-Algebra | Khan Academy,Factors and Multiplication
381,Formula of area and perimeter //mathematics  ,Perimeter
382,Algebra Basics: Solving 2-Step Equations - Math Antics,Operations of Whole Number
383,"Perimeter of Triangle Square and Rectangle | Mathematics Grade 5 | Periwinkle"",",Perimeter
384,Relations and functions | Functions and their graphs | Algebra II | Khan Academy,Sets
385,Mathematics | Grade 8 |Lesson 01-Number Patterns - Part 01,Number Patterns
386,Prime and Composite Numbers,Factors and Multiplication
387,Types of Sets Grade 6,Sets
388,Phonics Course Level 1 | Learn Phonics For Kids | Alphabet Sounds | Phonics For Pre School,Symmetry
389,"Introduction to ratios | Ratios, proportions, units, and rates | Pre-Algebra | Khan Academy",Factors and Multiplication
390,"ck12.org normal distribution problems: z-score | Probability and Statistics | Khan Academy"",",Indices
391,Negative numbers introduction | Negative numbers and absolute value | Pre-Algebra | Khan Academ,Directed Numbers
392,10 SECRET STUDY TIPS TO SCORE HIGHEST IN EXAMS || FASTEST WAY TO COVER ENTIRE SYLLABUS | STUDY HACKS,Operations of Whole Number
393,ALGEBRAIC EXPRESSIONS & EQUATIONS | GRADE 6,Algebra Expression
394,Phonics Chapter 8 : Recognising AY and OY Sounds | Learn Phonics For Kids | Phonics Lessons,Number Patterns
395,Math Antics - Triangles,Angles
396,01 - Angles and Angle Measure in Degrees - Part 1 - Types of Angles & What is an Angle?,Angles
397,"Intersection of Sets, Union of Sets and Venn Diagrams",Sets
398,Symmetry | Part 1/3 | English | Class 6,Symmetry
399,"Angle of Elevation and Depression Word Problems Trigonometry, Finding Sides, Angles, Right Triangles",Angles
400,Introduction to order of operations | Arithmetic properties | Pre-Algebra | Khan Academy,Operations of Whole Number
401,Multiple and Factors Part-1 | 5th std Maths Syllabus | Exercises & Activities | Easy to Learn Maths,Factors and Multiplication
402,Decimals - Meaning | Mathematics Grade 4 | Periwinkle,Perimeter
403,Ones & Tens | Mathematics Grade 1 | Periwinkle,Sets
404,Angles | Mathematics Grade 5 | Periwin,Angles
405,Angles: measuring angles and their names! | Educational Videos for Kids,Angles
406,Introduction To Negative Numbers |  Maths Concept For Kids | Maths Grade 5 | Periwinkle,Operations of Whole Number
407,Angles Formed by a Transversal with Two Parallel Lines | Don't Memorise,Angles
408,dition And Subtraction Of Integers | Mathematics Grade 5 | Periwinkle,Directed Numbers
409,Lesson 11. Factors and Multiples | Maths Session for Grade 06,Factors and Multiplication
410,The zeroth power | Arithmetic operations | 6th grade | Khan Academy,Indices
411,Class 6 Maths Chapter 13 Symmetry Part 1,Symmetry
412,Basic Figures Of Geometry | Maths For Kids | Periwinkle,Angles
413,Lesson 5. Algebraic Expressions | Maths Session for Grade 08,Algebra Expression
414,Subtracting Integers | How to Subtract Positive and Negative Integers,Directed Numbers
415,Whole Numbers | Ap&TS syllabus Class 6 Maths | Full lesson,Operations of Whole Number
416,Sets in Sinhala | kulaka | \u0d9a\u0dd4\u0dbd\u0d9a | O/L & Grade 10-11 maths | Questions with theory | Siyomaths \ud83c\uddf1\ud83c\uddf0,Sets
417,Negative Numbers: An Overview,Directed Numbers
418,Finding LCM using prime factorisation,Sets
419,Articles | English Grammar & Composition Grade 4 | Periwinkle,Directed Numbers
420,"Earth Science for Kids - Solar System, Weather, Fossils, Volcanoes & More - Rock 'N Learn",Sets
421,9 Incredible Science Facts You Probably Didn't Learn At School,Algebra Expression
422,Symmetric Geometry in Tamil,Symmetry
423,All About Factors & Multiples \u2716\ufe0f | NCERT Class 6 Maths | Basic Maths |  #VedantuMathemagiciansClass6,Factors and Multiplication
424,Reflectional Symmetry and Rotational Symmetry | Don't Memorise,Symmetry
425,Number Series Reasoning Tricks - The Easy Way,Number Patterns
426,Introduction to square roots | Numbers and operations | 8th grade | Khan Academy,Indices
427,Lesson 2. Sets | Maths Session for Grade 07,Sets
428,A Trick for Adding and Subtracting Negative Numbers,Directed Numbers
429,Part-1 : Rational Numbers | Mathematics | Class 8 | CBSE Syllabus,Number Patterns
430,How to become a Math Genius.\u2714\ufe0f How do genius people See a math problem! by mathOgenius,Operations of Whole Number
431,"Sets: Union, Intersection, Complement",Sets
432,"Simple Tenses - Present, Past and Future | English Grammar & Composition Grade 4 | Periwinkl",Sets
433,How many ways are there to prove the Pythagorean theorem? - Betty Fei,Indices
434,Prime Factorization (Intro and Factor Trees,Factors and Multiplication
435,10 SECRET STUDY TIPS TO SCORE HIGHEST IN EXAMS || FASTEST WAY TO COVER ENTIRE SYLLABUS | STUDY HACKS,Perimeter
436,Lesson 1. Bilateral Symmetry | Maths Session for Grade 07,Symmetry
437,Math Antics - Scientific Notation,Number Patterns
438,Intro to whole numbers | Class 6 (India) | Math | Khan Academy,Operations of Whole Number
439,Math Antics - Multi-Digit Subtraction,Directed Numbers
440,"Area of a circle | Perimeter, area, and volume | Geometry | Khan Academy",Perimeter
441,Algebra for Beginners | Basics of Algebra,Algebra Expression
442,Finding factors and multiples | Factors and multiples | Pre-Algebra | Khan Academy,Factors and Multiplication
443,Factors and Multiples | Class 6 | Maths | CBSE | ICSE | FREE Tutorial,Factors and Multiplication
444,Lesson 10. Indices | Maths Session for Grade 08,Indices
445,Least Common Multiple (LCM) | Mathematics Grade 4 | Periwinkle,Factors and Multiplication
446,Mathematics | Grade 8 |Lesson 01-Number Patterns - Part 01,Number Patterns
447,Lesson 5. Algebraic Expressions | Maths Session for Grade 08,Number Patterns
448,"""9 Incredible Science Facts You Probably Didn't Learn At School",Factors and Multiplication
449,Science for kids | Brilliant Brains | The Nervous System | Experiments for kids | Operation Ouch,Operations of Whole Number
450,Algebra Basics: The Distributive Property - Math Antics,Algebra Expression
451,Math Antics - Triangles,Angles
452,Lesson 2. Perimeter | Maths Session for Grade 08,Perimeter
453,Lesson 5. Algebraic Expressions | Maths Session for Grade 08,Algebra Expression
454,"Four operations Part - 1 | Add, Sub, Multiple & Division | 5th std Maths Syllabus | Mathematics",Operations of Whole Number
455,Factors and Multiples made easy |Prime Factorization| Find factors of all numbers| Class 1 to 5,Factors and Multiplication
456,6th Grade Math Assessment Practice Day 1,Sets
457,Class 6 || Maths || Equations : Word Problems,Algebra Expression
458,Playing with Numbers - 1 | Factor & Multiples | Class 6 Maths NCERT Solutions | Sana Khan,Factors and Multiplication
459,Math Antics - Number Patterns,Number Patterns
460,Math Antics - Angle Basics,Angles
461,26 FAST MATHS TRICKS YOU MUST KNOW,Sets
462,Algebra: Linear equations 1 | Linear equations | Algebra I | Khan Academy,Algebra Expression
463,"""Q 3, Ex 11.1 - Perimeter and Area - Chapter 11 - Maths Class 7th - NCERT",Perimeter
464,| Sets - 07,Sets
465,Intro to Angles for Kids: Understanding Angles for Children - FreeSchool Math,Angles
466,Types Of Sets Introduction | ICSE Mathematics | Vedantu Class 6 - 8 | Young Wonders | Priya Ma'am,Sets
467,Math Antics - Exponents and Square Roots,Indices
468,Multiples | Mathematics Grade 4 | Periwinkle,Sets
469,Multiples | Mathematics Grade 4 | Periwinkle,Factors and Multiplication
470,Algebra Basics: Laws Of Exponents - Math Antics,Indices
471,Exponents and Powers | Class 7 | Maths| CBSE | ICSE | FREE Tutorial,Indices
472,Number sets 3 | Fractions | Pre-Algebra | Khan Academy,Sets
473,Learn to Read | One Syllable Words | Red Level,Directed Numbers
474,Indices - Introduction | Algebra | Maths | FuseSchool,Indices
475,Math lesson for Grade 7 - What are Algebraic Expressions,Algebra Expression
476,Heart Dissection GCSE A Level Biology NEET Practical Skills,Operations of Whole Number
477,Symmetry Part- 2 || 5th std Maths Syllabus || Exercises and Activities || Easy to Learn Maths,Symmetry
478,Factorization: what is it and how is it done? | Class 8th Maths,Algebra Expression
479,Types of sets,Sets
480,Grade 6 Mathematics - Factors and Multiples  (1st & 2nd Lessons) [English Medium,Factors and Multiplication
481,Syllables | English Grammar & Composition Grade 3 | Periwinkle,Number Patterns
482,"Introduction to ratios | Ratios, proportions, units, and rates | Pre-Algebra | Khan Academy",Indices
483,26 FAST MATHS TRICKS YOU MUST KNOW,Operations of Whole Number
484,"Volume of a cone | Perimeter, area, and volume | Geometry | Khan Academy",Perimeter
485,JS Math| Addition Negative Number With Algebra Discs,Directed Numbers
486,26 FAST MATHS TRICKS YOU MUST KNOW,Operations of Whole Number
487,The substitution method | Systems of equations | 8th grade | Khan Academy,Symmetry
488,Multiplying Mixed Numbers and Whole Numbers,Operations of Whole Number
489,Learn to Find Area and Perimeter of Square and Rectangle | Math | Grade-5 | Tutway |,Perimeter
490,Prime and Composite Numbers | Mathematics Grade 4 | Periwinkle,Factors and Multiplication
491,"Earth Science for Kids - Solar System, Weather, Fossils, Volcanoes & More - Rock 'N Learn",Sets
492,Adding and Subtracting Mixed Numbers,Operations of Whole Number
493,Points after rotation | Transformations | Geometry | Khan Academy,Symmetry
494,Math Antics - The Pythagorean Theorem,Angles
495,Lesson 7. Parallel Straight Lines | Maths Session for Grade 07,Indices
496,"Grade 5 - Mathematics - Multiples, Factors, Primes and Composites / WorksheetCloud Video Lesson",Factors and Multiplication
497,First Term Revision Exercise|Maths Session for Grade 08,Number Patterns
498,Axis of symmetry | Transformations | Geometry | Khan Academy,Symmetry
499,Grade 8 - Mathematics - Algebraic Expression 1 / WorksheetCloud Online Lesson,Algebra Expression
500,What is Symmetry? - Basics | Line of Symmetry | Don't Memorise,Symmetry
501,Grade 8 - Mathematics - Algebraic Expression 1 / WorksheetCloud Online Lesson,Algebra Expression
502,Prime and Composite Numbers | Mathematics Grade 4 | Periwinkle,Factors and Multiplication
503,Measuring Angles | Mathematics Grade 4 | Periwinkle,Angles
504,Introduction to angles (old) | Angles and intersecting lines | Geometry | Khan Academy,Angles
505,Lesson 3. Mathematical Operations on Whole Numbers | Maths Session for Grade 06,Operations of Whole Number
506,Factors and Multiples - Grade 6 - 11th lesson - English Medium - Sri Lankan National Curriculum,Factors and Multiplication
507,9 Incredible Science Facts You Probably Didn't Learn At School,Indices
508,"Imaginary roots of negative numbers | Imaginary and complex numbers | Precalculus | Khan Academy"", ",Directed Numbers
509,Math Antics - Area,Angles
510,"Perimeter and area: the basics | Perimeter, area, and volume | Geometry | Khan Academy",Perimeter
511,Introduction to order of operations | Arithmetic properties | Pre-Algebra | Khan Academy,Number Patterns
512,10 Math Games That'll Boost Your Brain Power By 80,Algebra Expression
513,Area of Square and Rectangle | Mathematics Grade 5 | Periwinkle,Perimeter
514,Rational and Irrational Numbers,Directed Numbers
515,What is Number Sequencing,Directed Numbers
516,NCERT CBSE Class 6 Maths Chapter 13 Symmetry Part 1,Symmetry
517,ltiples | Mathematics Grade 4 | Periwinkle,Factors and Multiplication
518,Learning about Area | #aumsum #kids #science #education #children,Angles
519,Exponent properties involving products | Numbers and operations | 8th grade | Khan Academy,Indices
520,Symmetrical & Non Symmetrical Shapes,Symmetry
521,Lesson 11. Symmetry | Maths Session for Grade 08,Symmetry
522,Factorisation using identities | Part 1/3 | English | Class 8,Algebra Expression
523,ce Value And Face Value | Mathematics Grade 2 | Periwinkle,Operations of Whole Number
524,Video SparkNotes: Shakespeare's Romeo and Juliet summary,Symmetry
525,Equal Parts of a Whole | Mathematics Grade 3 | Periwinkle,Sets
526,Math Antics - Proportions,Operations of Whole Number
527,Adding and subtracting negative numbers | Pre-Algebra | Khan Academy,Directed Numbers
528,Science|Grade 6 Science Lessons in sinhala medium|Science for grade 6|2020|Science Channel Bro,Indices
529,Story on Profit and Loss - Raheem's tasty food - Part 1 - English,Perimeter
530,Maths Help - 35.  Addition & Subtraction of Directed Numbers,Directed Numbers
531,Learn how to Draw Shapes with Names | Easy Drawing | Education drawing for Beginners,Angles
532,Understand and Learn the Rules of Positive and Negative Numbers,Directed Numbers
533,"""9 Incredible Science Facts You Probably Didn't Learn At School",Perimeter
534,Lesson 2. Perimeter | Maths Session for Grade 08,Number Patterns
535,Math Antics - Number Patterns,Number Patterns
536,Factors for the First Time,Factors and Multiplication
537,Intersection and union of sets | Probability and Statistics | Khan Academy,Sets
538,Fractions & Decimals - Chapter 2 - Introduction - Class 7,Operations of Whole Number
539,Angle Pairs 8th Grade Math,Angles
540,"""\u0dad\u0dad\u0dca\u0db4\u0dbb \u0daf\u0dd9\u0d9a\u0dd9\u0db1\u0dca \u0d9c\u0dd4\u0dab \u0d9a\u0dbb\u0db1\u0dca\u0db1 \u0dbb\u0dc4\u0dc3\u0dca \u0d9a\u0dca\u200d\u0dbb\u0db8 5\u0d9a\u0dca | Math tricks |\u0d9c\u0dab\u0dd2\u0dad \u0dbb\u0dc4\u0dc3\u0dca",Algebra Expression
541,Types of Angles According to Positions | Mathematics Grade 5 | Periwinkl,Angles
542,2 Letter Words | Two Letter Phonics Words | Sight Words | Pre School Kindergarten,Angles
543,Reflectional Symmetry and Rotational Symmetry | Don't Memorise,Symmetry
544,"""\u0db4\u0dcf\u0da9\u0db8 1 - \u0dc3\u0d82\u0d9b\u0dca\u200d\u0dba\u0dcf \u0dbb\u0da7\u0dcf | 8 \u0dc1\u0dca\u200d\u0dbb\u0dda\u0dab\u0dd2\u0dba \u0dc3\u0db3\u0dc4\u0dcf \u0d9c\u0dab\u0dd2\u0dad \u0dc3\u0dd0\u0dc3\u0dd2\u0dba #DPEducation #Grade8Maths #NumberPatterns",Number Patterns
545,Prime and Composite Numbers | Mathematics Grade 4 | Periwinkle,Indices
546,Prime and Composite Numbers | Mathematics Grade 4 | Periwinkle,Operations of Whole Number
547,Our Solar System and The Universe | Science for Kids | Grade 3 | Periwinkle,Sets
548,Introduction to Fractions | #aumsum #kids #science #education #children,Operations of Whole Number
549,Understand and Learn the Rules of Positive and Negative Numbers,Directed Numbers
550,Properties of Whole Numbers class-6,Operations of Whole Number
551,Lesson 1. Number Patterns | Maths Session for Grade 08,Number Patterns
552,Maths Algebraic Expressions part 1 (Introduction) CBSE Class 7  Mathematics VII,Algebra Expression
553,NCERT Grade 8 || CBSE Class 8 - Algebraic Expressions and Identities Introduction in Tamil,Algebra Expression
554,DIY Maths Squares Machine - Maths Working Model | Easy Maths Project For Exhibition | Maths Model,Symmetry
555,Introduction to Sets for Roster Method & Set Builder Form | Algebra |  Math | Letstute,Sets
556,Line Symmetry and Mirror Symmetry | Types Of Symmetries - Iken Edu,Symmetry
557,Lesson 5. Algebraic Expressions |  Maths Session for Grade 09,Algebra Expression
558,"Symmetrical And Asymmetrical Shapes | Math | Grade-3,4 | Tutway |",Symmetry
559,Lesson 1. Perimeter |  Maths Session for Grade 10 #DPEducation #Grade10Maths #perimeter,Perimeter
560,Number Patterns Grade 8,Number Patterns
561,"Simple Tenses - Present, Past and Future | English Grammar & Composition Grade 4 | Periwinkle",Number Patterns
562,How to become a Math Genius.\u2714\ufe0f How do genius people See a math problem! by mathOgenius,Number Patterns
563,Grade 6 Mathematics - Factors and Multiples  (1st & 2nd Lessons) [English Medium],Factors and Multiplication
564,Math Antics - Prime Factorization,Factors and Multiplication
565,Number Patterns,Number Patterns
566,Math Antics - Angle Basics,Angles
567,Lesson 24. Indices | Maths Session for Grade 06,Indices
568,Number patterns: interpreting relationships | Pre-Algebra | Khan Academy,Number Patterns
569,What are Sets? | Set Theory | Don't Memorise,Sets
570,Divisibility | Mathematics Grade 5 | Periwinkle,Factors and Multiplication
571,Learning about Area | #aumsum #kids #science #education #children,Perimeter
572,Patterns for Kids,Number Patterns
573,Learning Factors | Mathematics Grade 4 | Periwinkle,Factors and Multiplication
574,Lesson 2. Perimeter | Maths Session for Grade 08,Perimeter
575,Introduction to Algebra | Algebra for Beginners | Math | LetsTute,Algebra Expression
576,Multiplying: 2 digit numbers | Multiplication and division | 4th grade | Khan Academy,Number Patterns
577,reflexive symmetric transitive relations in hindi | types of relations | Niharika Panda,Symmetry
578,Whole Numbers - Introduction | Class 6 Maths,Operations of Whole Number
579,The Open Boat by Stephen Crane | English Story | Grade 8 | Periwinkle,Number Patterns
580,Intro to Symmetry: All About Symmetry for Kids - FreeSchool,Symmetry
581,Lesson 7. Factors | Maths Session for Grade 08,Algebra Expression
582,GRADE 7 MATHEMATICS || PROBLEMS INVOLVING SETS,Sets
583,Math Antics - Adding & Subtracting Integers,Directed Numbers
584,Number Names | Learn Maths | Maths School Syllabus | Maths For School,Perimeter
585,Symmetry Lesson,Symmetry
586,Place Value And Face Value | Mathematics Grade 2 | Periwinkle,Operations of Whole Number
587,Relationship Of Multiplication And Division | Mathematics Grade 3 | Periwinkle,Operations of Whole Number
588,Math patterns example 1 | Applying mathematical reasoning | Pre-Algebra | Khan Academy,Number Patterns
589,Math lesson for Grade 7 - What are Algebraic Expressions,Algebra Expression
590,Factors and Multiples | Mathematics Grade 5 | Periwinkle,Operations of Whole Number
591,Relative complement or difference between sets | Probability and Statistics | Khan Academy,Sets
592,"BASIC MATHS - Multiples and Factors (for Key Stage 2 + 3, GCSEs, and Beginner",Factors and Multiplication
593,Measure Length | Mathematics Grade 1 | Periwinkle,Indices
594,Ethical Hacking Full Course - Learn Ethical Hacking in 10 Hours | Ethical Hacking Tutorial | Edureka,Indices
595,DIY Maths Squares Machine - Maths Working Model | Easy Maths Project For Exhibition | Maths Model,Sets
596,MATH Quiz: Are You Smarter than 8th grader? | Can You Pass 8th Grade? - 30 Questions,Algebra Expression
597,Math Antics - Negative Numbers,Directed Numbers
598,Lesson 5. Algebraic Expressions | Maths Session for Grade 08,Number Patterns
599,Properties of Whole Numbers - Part 1 | Don't Memorise,Operations of Whole Number
600,Reading 2 Letter Words | 3 Letter Words | 4 Letter Words | 5 Letter Words | Learn Englis,Symmetry
601,Rational Numbers,Number Patterns
602,Grade 8 Numeric Patterns Part 2,Number Patterns
603,How to score Good Marks in Math? | 8 Tips to Study Math | Letstute,Perimeter
604,Area | Mathematics Grade 5 | Periwinkle,Algebra Expression
605,How to find Multiples and Factors  #3,Factors and Multiplication
606,Directed numbers | Multiplication | Division,Directed Numbers
607,How to Remember what you study? | How to Increase your Memory Power? | Study Tips | Letstute,Angles
608,Adding and Subtracting Integers Using a Simple Method,Directed Numbers
609,"Addition of Length, Cm, Inches, Metres, Kms | Maths For Class 2 | Maths Basics For CBSE Children",Operations of Whole Number
610,Math Antics - Number Patterns,Number Patterns
611,Perimeter of Triangle Square and Rectangle | Mathematics Grade 5 | Periwinkle,Perimeter
612,Reasoning about factors and multiples,Factors and Multiplication
613,Algebra as a Pattern,Algebra Expression
614,"Perimeter and area: the basics | Perimeter, area, and volume | Geometry | Khan Academy",Perimeter
615,Grade 6 maths sinhala lesson 9,Symmetry
616,e and Composite Numbers | Mathematics Grade 4 | Periwinkle,Directed Numbers
617,Dividing Mixed Numbers | Step by Step | Math with Mr. J,Operations of Whole Number
618,Algebraic expressions full chapter | Mathematics | Class 7 | CBSE Syllabus,Algebra Expression
619,Math Antics - Rounding,Operations of Whole Number
620,Number Patterns Grade 8,Number Patterns
621,Algebra Basics: What Is Algebra? - Math Antics,Sets
622,"Symmetrical And Asymmetrical Shapes | Math | Grade-3,4 | Tutway",Symmetry
623,Class 5 || Maths || Shapes || Angles || Types of Angles and measurement,Angles
624,Lesson 5. Algebraic Expressions |  Maths Session for Grade 09,Algebra Expression
625,Introduction to Fractions | #aumsum #kids #science #education #children,Perimeter
626,Lesson 4. Factors and Multiples (Part I) | Maths Session for Grade 07,Factors and Multiplication
627,"a of a trapezoid | Perimeter, area, and volume | Geometry | Khan Academy",Perimeter
628,Symmetry Song for Kids | A Day at Symmetry Land | Lines of Symmetry,Symmetry
629,Basic Figures Of Geometry | Maths For Kids | Periwinkle,Perimeter
630,Multiples vs. Factors | What are Multiples and Factors? | Math with Mr. J,Factors and Multiplication
631,Measurement and Conversion of Capacity | Class 1 to 5,Symmetry
632,ABC Flashcards for Toddlers - Learning First Words - Teaching Alphabet for Kids,Number Patterns
633,9 Incredible Science Facts You Probably Didn't Learn At School,Factors and Multiplication
634,"Range, variance and standard deviation as measures of dispersion | Khan Academy",Indices
635,Intro to Symmetry: All About Symmetry for Kids - FreeSchool,Symmetry
636,The World's Fastest Writer @ Spoorthi Pradhata Reddy,Indices
637,Math Antics - Intro To Exponents (aka Indices,Indices
638,Adding Integers | How to Add Positive and Negative Integers,Directed Numbers
639,Whole Numbers | Class 6 | Maths | CBSE | ICSE | FREE Tutorial,Operations of Whole Number
640,Introduction to Sets for Roster Method & Set Builder Form | Algebra |  Math | Letstute,Sets
641,Number sets 1 | Fractions | Pre-Algebra | Khan Academy,Sets
642,What are Integers? | Number System | Don't Memorise,Directed Numbers
643,Basic Division | #aumsum #kids #science #education #children,Sets
644,Least common multiple exercise | Factors and multiples | Pre-Algebra | Khan Academy,Factors and Multiplication
645,"How to Subtract Negative Numbers | Subtracting Negative Numbers""",Directed Numbers
646,Conceptual understanding of multiplying fractions and whole numbers | Khan Academy,Operations of Whole Number
647,ALGEBRAIC EXPRESSIONS & EQUATIONS | GRADE 6,Algebra Expression
648,https://www.youtube.com/embed/CqrYYiffPr0,Factors and Multiplication
649,"Opposites for Kids | + More Kids Educational Videos, Kid's Learning, Educational Videos for Children""",Perimeter
650,Rational Numbers,Directed Numbers
651,Indices - Introduction | Algebra | Maths | FuseSchool,Indices
652,Angles: measuring angles and their names! | Educational Videos for Kids,Angles
653,Tens and Ones | Maths for Kids | Kindergarten Maths School Syllabus | Maths For Pre School,Perimeter
654,Nutrition in Plants | Class 7 Science Sprint | Chapter 1 @Vedantu Young Wonder,Operations of Whole Number
655,Math Antics - Intro To Exponents (aka Indices),Indices
656,Visually dividing a fraction by a whole number,Operations of Whole Number
657,9 Incredible Science Facts You Probably Didn't Learn At School,Sets
658,Rotating polygons 180 degrees about their center | Transformations | Geometry | Khan Academy,Symmetry
659,How to Remember what you study? | How to Increase your Memory Power? | Study Tips | Letstute,Indices
660,Nouns: Singular & Plural | English Grammar & Composition Grade 2 | Periwinkle,Indices
661,Directed Number,Directed Numbers
662,Learning Factors | Mathematics Grade 4 | Periwinkle,Factors and Multiplication
663,Algebra Basics: What Is Algebra? - Math Antics,Algebra Expression
664,Symmetry | Class 6 Maths | Introduction to Symmetry | iWiz Kapil Gargi,Symmetry
665,Reflection And Rotational Symmetry In Familiar 2D Shapes | Mathematics Grade 5 | Periwinkl,Symmetry
666,Number sets | Fractions | Pre-Algebra | Khan Academy,Sets
667,"How To Find The LCM and HCF Quickly!"", ",Factors and Multiplication
668,Introduction - Symmetry - Chapter 13 - Class 6th Maths,Symmetry
669,Angles: measuring angles and their names! | Educational Videos for Kids,Angles
670,"Basic Figures Of Geometry | Maths For Kids | Periwinkle"", ",Angles
671,Polygons | Mathematics Grade 5 | Periwinkle,Angles
672,Math Antics - Area,Angles
673,"Whole Number Operations | Adding, Subtracting, Multiplying, and Dividing",Operations of Whole Number
674,Lesson 11. Factors and Multiples | Maths Session for Grade 06,Factors and Multiplication
675,Greatest common factor explained | Factors and multiples | Pre-Algebra | Khan Academy,Factors and Multiplication
676,26 FAST MATHS TRICKS YOU MUST KNOW,Indices
677,Understanding Patterns | Mathematics Grade 1 | Periwinkle,Number Patterns
678,Abacus Class - Introduction | Learn basics Abacus | Beginners Abacus Lesson 1,Number Patterns
679,u2705 3 Simple and amazing Questions Only a Genius Can Answer-Intelligence Test (IQ) | part-1,Perimeter
680,Indices - Introduction | Algebra | Maths | FuseSchool,Indices
681,Frog Dissection--Sixth Grade,Operations of Whole Number
682,Grade 7 Science Unit 9 | Light | \u0d86\u0dbd\u0ddd\u0d9a\u0dba,Sets
683,Introduction to number systems and binary | Pre-Algebra | Khan Academy,Number Patterns
684,Line Of Symmetry | Mathematics Grade 4 | Periwinkle,Symmetry
685,Math Antics - The Pythagorean Theore,Perimeter
686,Rounding The Numbers | Mathematics Grade 5 | Periwinkle,Number Patterns
687,Prime and Composite Numbers | Mathematics Grade 4 | Periwinkle,Sets
688,Proof - Sum of Measures of Angles in a Triangle are 180,Angles
689,Lesson 2. Sets | Maths Session for Grade 07,Sets
690,Types of Angles & It's Measurements,Angles
691,9 Incredible Science Facts You Probably Didn't Learn At School,Factors and Multiplication
692,Angle measurement and circle arcs | Angles and intersecting lines | Geometry | Khan Academy,Angles
693,Mineral Resources | New Sparkle Semester Series Social Studies Grade 4 | Jeevandeep,Indices
694,Lesson 3. Operations on whole numbers | Maths Session for Grade 07,Operations of Whole Number
695,Factors and Multiples made easy |Prime Factorization| Find factors of all numbers| Class 1 to 5 |,Factors and Multiplication
696,"Parallel and Perpendicular Lines, Transversals, Alternate Interior Angles, Alternate Exterior Angles",Angles
697,"06 - What is a Function in Math? (Learn Function Definition, Domain & Range in Algebra)",Sets
698,Introduction to multiplying decimals | Decimals | Pre-Algebra | Khan Academy,Operations of Whole Number
699,Math Antics - Place Value,Sets
700,Math Antics - Common Denominator ECD,Factors and Multiplication
701,Lesson 1. Bilateral Symmetry | Maths Session for Grade 07,Symmetry
702,Recognizing divisibility | Factors and multiples | Pre-Algebra | Khan Academy,Factors and Multiplication
703,Math Antics - Area,Perimeter
704,ommon Number Patterns | Mathematics Grade 4 | Periwinkle,Number Patterns
705,Grade 7 Science Unit 8 | Earth,Sets
706,Maths Help - 35.  Addition & Subtraction of Directed Numbers,Directed Numbers
707,Number Patterns Grade 8,Number Patterns
708,Math Antics - Factoring,Operations of Whole Number
709,"Quiz on Symmetry | part 1|"",",Symmetry
710,Grade 6 - Mathematics - Symmetry: Reflective / WorksheetCloud Video Lesson,Symmetry
711,"Construction of angle of 15, 30, 45, 60, 75, 90, 105, 120, 135, 150, 165 and 180 degree new",Angles
712,Intro to Symmetry (Part 1) | What is Symmetry? | Lines of Symmetry,Symmetry
713,Adding and subtracting negative numbers | Pre-Algebra | Khan Academy,Directed Numbers
714,Degrees Of Comparison | English Grammar and Composition Grade 4 | Periwinkle,Number Patterns
715,"Integers - Multiplication, Division, Adding, Subtracting, Rules, Positive & Negative Numbers - Math",Directed Numbers
716,Congruent triangles and SSS | Congruence | Geometry | Khan Academy,Symmetry
717,Lesson 2. Perimeter | Maths Session for Grade 08,Perimeter
718,egers | Class 7 | Maths| CBSE | ICSE | FREE Tutori,Sets
719,NCERT Grade 8 || CBSE Class 8 - Algebraic Expressions and Identities Introduction in Tami,Algebra Expression
720,Telling Time For Children - Learning the Clock,Angles
721,"Showing angles have same measure | Angles and intersecting lines | Geometry | Khan Academy""",Angles
722,Algebra Basics: Graphing On The Coordinate Plane - Math Antics,Angles
723,C.M & H.C.F-1 | Maths tricks | Easy maths tips for kids,Angles
724,Negative numbers and number line examples | Pre-Algebra | Khan Academy,Directed Numbers
725,"Addition of Length, Cm, Inches, Metres, Kms | Maths For Class 2 | Maths Basics For CBSE Children",Perimeter
726,Find even and odd number through games / Mathematics,Directed Numbers
727,Lesson 11. Symmetry | Maths Session for Grade 08,Symmetry
728,Factorization: what is it and how is it done? | Class 8th Maths,Algebra Expression
729,Math Antics - Adding & Subtracting Integers,Indices
730,9 Incredible Science Facts You Probably Didn't Learn At School,Factors and Multiplication
731,Rounding Decimals | Mathematics Grade 5 | Periwinkle,Operations of Whole Number
732,Lesson 3. Angles | Maths Session for Grade 08,Number Patterns
733,Square Root Tricks | #aumsum #kids #science #education #children,Perimeter
734,Patterns with Figures and Shapes | Maths For Class 2 | Maths Basics For CBSE Children,Number Patterns
735,9 Incredible Science Facts You Probably Didn't Learn At School,Perimeter
736,Math Antics - Volume,Angles
737,Maths Symmetry part 3 (Symmetry in Nature) CBSE Class 7  Mathematics VII,Symmetry
738,Highest Common Factor (HCF) | Mathematics Grade 4 | Periwinkle,Factors and Multiplication
739,Lesson 24. Indices | Maths Session for Grade 06,Indices
740,Interactive module: finding factors | Factors and multiples | Pre-Algebra | Khan Academy,Factors and Multiplication
741,Adding and Subtracting Integers Using a Simple Method,Directed Numbers
742,Learning Factors | Mathematics Grade 4 | Periwinkle,Factors and Multiplication
743,"Less Than, Greater Than | Maths For Class 2 | Maths Basics For CBSE Children",Indices
744,Algebra Basics: Solving 2-Step Equations - Math Antics,Directed Numbers
745,Introduction to transformations | Transformations | Geometry | Khan Academy,Symmetry
746,,Sets
747,ing factors and multiples | Factors and multiples | Pre-Algebra | Khan Academy,Factors and Multiplication
748,Introduction to multiplying decimals | Decimals | Pre-Algebra | Khan Academy,Operations of Whole Number
749,et\u2019s Learn & Draw Shapes | Learn Shapes For Kids | Shapes Song | Pre School Junior,Perimeter
750,Adding Integers | How to Add Positive and Negative Integers,Directed Numbers
751,"SOLVING ALGEBRAIC EQUATIONS | GRADE 6"",",Algebra Expression
752,Part-1 : Rational Numbers | Mathematics | Class 8 | CBSE Syllabus,Algebra Expression
753,Area and Perimeter,Perimeter
754,Class 6 Maths - What are Whole Numbers? With Examples,Operations of Whole Number
755,"Negative exponents | Exponents, radicals, and scientific notation | Pre-Algebra | Khan Academ",Directed Numbers
756,Spherical Mirrors,Angles
757,Number Patterns - Grade 8 - 1st lesson - English Medium - Sri Lankan National Curriculum,Number Patterns
758,Grade 8 Math - Lesson 8.5: Solving Equations,Algebra Expression
759,Algebra Trick to save you time (Algebra Tricks,Algebra Expression
760,"Grade 08 - Mathematics (English Medium) - Number patterns (Lesson - 01)"",",Number Patterns
761,Thinking about shapes of distributions | Data and statistics | 6th grade | Khan Academy,Sets
762,Reading 2 Letter Words | 3 Letter Words | 4 Letter Words | 5 Letter Words | Learn English,Number Patterns
763,Introduction - Algebraic Expressions and Identities - Chapter 9 - NCERT Class 8th Maths,Algebra Expression
764,Perimeter | Maths for Kids | Grade 4 | Periwinkle,Perimeter
765,Lesson 6. Solids | Maths Session for Grade 08,Algebra Expression
766,Multiply a Whole Number by a Decimal | Math with Mr. J,Operations of Whole Number
767,Multiples and factors | Samacheer 5th std Maths,Factors and Multiplication
768,What is a Linear Equation in One Variable? | Don't Memorise,Algebra Expression
769,Finding the rule for the pattern,Number Patterns
770,"Learn Numbers For Kids | Counting Numbers 1 - 25 | Learn To Write Numbers | Before, After Numbers",Factors and Multiplication
771,Rules Of Divisibility | Mathematics Grade 4 | Periwinkle,Operations of Whole Number
772,Lesson 2. Perimeter | Maths Session for Grade 08,Perimeter
773,International Number System | Mathematics Grade 4 | Periwinkle,Sets
774,Lesson 11. Factors and Multiples | Maths Session for Grade 06,Factors and Multiplication
775,3 Simple and amazing Questions Only a Genius Can Answer-Intelligence Test (IQ) | part-1,Indices
776,Algebra: Linear equations 1 | Linear equations | Algebra I | Khan Academy,Directed Numbers
777,"Division Story Problems | Mathematics Grade 3 | Periwinkle"",",Operations of Whole Number
778,Math Antics - Order Of Operations,Sets
779,Number Patterns,Number Patterns
780,Finding factors and multiples | Factors and multiples | Pre-Algebra | Khan Academy,Factors and Multiplication
781,"Measure Length | Mathematics Grade 1 | Periwinkle""",Perimeter
782,Natural Disasters compilation | The Dr. Binocs Show | Best Learning Videos For Kids | Peekaboo Kidz,Indices
783,Order of Operations Song | PEMDAS Rap for 5th Grade,Operations of Whole Number
784,"Pythagoras Theorem, Fractions, Ratio, Proportion and much more!! | #aumsum #kids #science",Indices
785,Math Antics - Order Of Operations,Operations of Whole Number
786,Lesson 7. Parallel Straight Lines | Maths Session for Grade 07,Symmetry
787,Class 6 | Maths | Symmetry | Mirror Symmetry,Symmetry
788,Symmetry full chapter | Mathematics | Class 6 | CBSE Syllabus,Symmetry
789,"Algebraic Expressions | Class 7 | Maths| CBSE | ICSE | FREE Tutorial"",",Algebra Expression
790,Math Antics - Triangles,Perimeter
791,Math Antics - Adding & Subtracting Integers,Directed Numbers
792,Factors for the First Time,Factors and Multiplication
793,"Four operations Part - 4 | Add, Sub, Multiple & Division | 5th std Maths Syllabus | Mathematics",Factors and Multiplication
794,Area | Mathematics Grade 5 | Periwinkle,Perimeter
795,Lesson 4. Directed Numbers | Maths Session for Grade 08,Algebra Expression
796,Gravity Compilation: Crash Course Kids,Sets
797,7 Effective Tips & Tricks In 1 Video | Mathematics study tips | Super Tips to Score 100% in Maths,Sets
798,Comparing areas and perimeters of rectangles | Measurement | Pre-Algebra | Khan Academy,Perimeter
799,How to Remember what you study? | How to Increase your Memory Power? | Study Tips | Letstute,Indices
800,Perimeter | Maths for Kids | Grade 4 | Periwinkle,Perimeter
801,Introduction to rational and irrational numbers | Algebra I | Khan Academy,Sets
802,Function symmetry introduction | Transformations of functions | Algebra 2 | Khan Academy,Symmetry
803,Learn to Find Area and Perimeter of Square and Rectangle | Math | Grade-5 | Tutway,Perimeter
804,Reflection and Symmetry | Part 1/3 | English | Class 6,Symmetry
805,Introduction to Sets for Roster Method & Set Builder Form | Algebra |  Math | Letstute,Sets
806,Grade 6 - Mathematics - Symmetry: Reflective / WorksheetCloud Video Lesson,Symmetry
807,"Class 5 Maths | NCERT | Chapter 6 | Page 94 | Be My Multiple, I'll be Your Factor",Factors and Multiplication
808,Math Antics - Negative Numbers,Directed Numbers
809,Kids vocabulary compilation - Words Theme collection\uff5cEnglish educational video for kids,Indices
810,"Intersection of Sets, Union of Sets and Venn Diagrams",Sets
811,"Learn Numbers For Kids | Counting Numbers 1 - 25 | Learn To Write Numbers | Before, After Numbers",Number Patterns
812,"Sigma notation for sums | Sequences, series and induction | Precalculus | Khan Academy",Number Patterns
813,Simple Math Tricks You Weren\u2019t Taught at School,Factors and Multiplication
814,Microsoft Excel Tutorial for Beginners | Excel Training | Excel Formulas and Functions | Edureka,Operations of Whole Number
815,Opposite of a number | Negative numbers | 6th grade | Khan Academy,Directed Numbers
816,Grade 7 Math: Introduction to Sets,Sets
817,ABC Flashcards for Toddlers - Learning First Words - Teaching Alphabet for Kids,Indices
818,Class 4 | CBSE | NCERT | Maths | 2 | Long And Short | T3 | Race | Hindi Video,Angles
819,Angles Formed by a Transversal with Two Parallel Lines | Don't Memorise,Angles
820,"Symmetrical And Asymmetrical Shapes | Math | Grade-3,4 | Tutway |",Symmetry
821,Line of reflection example,Symmetry
822,"Negative Numbers Subtracting (Easy Method)"", ",Directed Numbers
823,"Pre School Learning For Kids | Animals, Birds, Animal Sounds, Fruits, Flowers, Vegetables",Symmetry
824,Multiplying fractions and whole numbers: two approaches | Fractions | 5th grade | Khan Academy,Operations of Whole Number
825,Nursery Rhymes For Kids | Top 20 Action Songs For Children | Nursery Rhymes With Actions,Factors and Multiplication
826,Phonics Chapter 1 : Sounds of Alphabets | Learn Phonics  | Phonics Classroom Teaching,Number Patterns
827,Finding LCM using prime factorisation,Factors and Multiplication
828,at are Multiples of a Number? How are Factors and Multiples related? | Don't Memorise,Factors and Multiplication
829,Understanding how positive and negative numbers interact,Directed Numbers
830,Introduction To Negative Numbers |  Maths Concept For Kids | Maths Grade 5 | Periwinkle,Sets
831,Least Common Multiple (LCM) | Mathematics Grade 4 | Periwinkle,Factors and Multiplication
832,Symmetry - (CBSE Grade: 06 Maths,Symmetry
833,"What are Indices & How to Trade Them?"", ",Indices
834,A Cool Grammar Test That 95% of People Fail,Angles
835,Human Body for class 3,Angles
836,Introduction to Algebra | Algebra for Beginners | Math | LetsTute,Algebra Expression
837,Lesson 6. Factors of the Algebraic Expressions | Maths Session for Grade 9,Algebra Expression
838,Math Antics - Scientific Notation,Directed Numbers
839,Phonics Chapter 10 : Blending Words | Learn Phonics For Kids | Phonics Classroom Teaching Lessons,Angles
840,What are Angles? | Types of Angles| Measure and Draw Angles using a Protractor |Class 1 to 5,Angles
841,Perimeter | Class 6 | Maths | CBSE | ICSE | FREE Tutorial,Perimeter
842,Nouns - Concrete and Abstract | English Grammar & Composition Grade 4 | Periwinkle,Directed Numbers
843,Factors and Multiples | Mathematics Grade 5 | Periwinkle,Factors and Multiplication
844,Writing Roman Numerals | Mathematics Grade 3 | Periwinkle,Number Patterns
845,Math Antics - Dividing Fractions,Operations of Whole Number
846,O/L Maths Lessons in Sinhala - Perimeter | Grade 8 Lesson 2 Mathematics in Sinhala | guruthuma,Perimeter
847,Indices - Grade 6 - 24th lesson - English Medium - Sri Lankan National Curriculum,Indices
848,Multiples and Factors | Class 5 | Maths | CBSE | ICSE | FREE Tutorial,Factors and Multiplication
849,Algebraic Identities Class 8 & Class 9,Algebra Expression
850,Laws of Indices - Part 1 | Algebra | Maths | FuseSchool,Indices
851,Maths Symmetry part 11 (What is Rotational Symmetry) CBSE Class 7  Mathematics VI,Symmetry
852,Angles Formed by a Transversal with Two Parallel Lines | Don't Memorise,Angles
853,Factorize algebraic expressions | Factorization class 8 | algebraic expressions class 9 | Factoriz,Algebra Expression
854,Direct And Indirect Objects | English Grammar & Composition Grade 5 | Periwinkle,Number Patterns
855,Operations of negative numbers without using number lines,Directed Numbers
856,Triangle And Square Number Sequence | Mathematics Grade 5 | Periwinkle,Number Patterns
857,Sum of interior angles of a polygon | Angles and intersecting lines | Geometry | Khan Academy,Angles
858,Abacus Class - Introduction | Learn basics Abacus | Beginners Abacus Lesson 1,Symmetry
859,Angles: measuring angles and their names! | Educational Videos for Kids,Angles
860,Introduction To Exponents | Exponents and Powers | Algebra | Math | Letstute,Indices
861,DEFINED TERMS IN GEOMETRY (Mathematical System) Grade 8 Lesson 2 Third Quarter | ENGLISH Part 1,Angles
862,"Statistics intro: Mean, median, and mode | Data and statistics | 6th grade | Khan Academy",Indices
863,Subtraction With Borrowing | Subtract | Maths For Class 2 | Maths Basics For CBSE Children,Number Patterns
864,Basic Figures Of Geometry | Maths For Kids | Periwinkle,Symmetry
865,Algebraic expressions and identities full chapter | 8th class maths | CBSE Syllabus Mathematics,Algebra Expression
866,"Lesson 14. Types of Numbers and Number Patterns | Maths Session for Grade 06"",",Indices
867,Angle basics | Angles and intersecting lines | Geometry | Khan Academy,Angles
868,Division ||  3th std Maths Syllabus || Exercises and Activities || Easy Way to Learn Maths for Kids,Indices
869,"Introduction to ratios | Ratios, proportions, units, and rates | Pre-Algebra | Khan Academy",Perimeter
870,How The Internet Works? | What Is Internet? | Dr Binocs Show | Kids Learning Video | Peekaboo Kidz,Directed Numbers
871,Algebraic Expressions,Algebra Expression
872,Lesson 5. Algebraic Expressions |  Maths Session for Grade 09,Algebra Expression
873,Algebra Basics: What Is Algebra? - Math Antics,Operations of Whole Number
874,What is Algebra? | Don't Memoris,Algebra Expression
875,Number Patterns Grade 8,Number Patterns
876,Introduction - Mensuration - Chapter 11 - NCERT Class 8th Maths,Perimeter
877,Rules Of Divisibility | Mathematics Grade 4 | Periwinkle,Operations of Whole Number
878,Rules Of Divisibility | Mathematics Grade 4 | Periwinkle,Indices
879,Intro to Symmetry: All About Symmetry for Kids - FreeSchool,Symmetry
880,"Math Antics - Circles, Circumference And Area",Perimeter
881,Math Antics - Order Of Operations,Indices
882,Lesson 5. Indices | Maths Session for Grade 07,Indices
883,Number Patterns - Grade 8 - 1st lesson - English Medium - Sri Lankan National Curriculum,Number Patterns
884,Perimeter for Kids | Math Lesson Video,Perimeter
885,LCM and GCF word problems | Factors and multiples | Pre-Algebra | Khan Academy,Factors and Multiplication
886,Perimeter | Class 6 | Maths | CBSE | ICSE | FREE Tutorial,Perimeter
887,Collective Nouns | English Grammar & Composition Grade 3 | Periwinkle,Sets
888,Introduction to perimeter | Measurement | Pre-Algebra | Khan Academy,Perimeter
889,"Triangle inequality theorem | Perimeter, area, and volume | Geometry | Khan Academy",Perimeter
890,"Pythagoras Theorem, Fractions, Ratio, Proportion and much more!! | #aumsum #kids #science",Operations of Whole Number
891,Math Antics - Exponents and Square Roots,Directed Numbers
892,Mathematics  Indices  Maths Paradise YouTube Video Channel,Indices
893,Ways to represent data | Data and statistics | 6th grade | Khan Academy,Sets
894,Whole Numbers | Ap&TS syllabus Class 6 Maths | Full lesson,Indices
895,Std 7 Maths I  Chapter 6 I Indices I Practice Set 30 I Finding the square root,Indices
896,Lesson 5. Algebraic Expressions | Maths Session for Grade 08,Algebra Expression
897,"meter of a parallelogram | Perimeter, area, and volume | Geometry | Khan Academy",Perimeter
898,Prime and Composite Numbers | Mathematics Grade 4 | Periwinkle,Indices
899,Addition of Numbers with Carrying | Maths For Class 2 | Maths Basics For CBSE Children,Number Patterns
900,"Intersection of Sets, Union of Sets and Venn Diagrams",Sets
901,Class 5 || Maths || Multiplication,Factors and Multiplication
902,Finding more angles | Angles and intersecting lines | Geometry | Khan Academy,Angles
903,Lesson 1. Number Patterns | Maths Session for Grade 08,Number Patterns
904,Invention Of BRAILLE - Language Of The Blind  | The Dr. Binocs Show | Best Learning Video for Kids,Algebra Expression
905,"Intersection of Sets, Union of Sets and Venn Diagrams",Sets
906,Learning about Area | #aumsum #kids #science #education #children,Perimeter
907,What are Rational Numbers? | Number System Concept | Don't Memorise,Operations of Whole Number
908,Number Systems | Mathematics Grade 5 | Periwinkle,Operations of Whole Number
909,How to Use the Inverse Method to Solve a Linear Equation? | Don't Memorise,Algebra Expression
910,"Introduction to arithmetic sequences | Sequences, series and induction | Precalculus | Khan Academy",Number Patterns
911,Simple Math Tricks You Weren\u2019t Taught at School,Sets
912,Grade 8 Numeric patterns Part 1,Number Patterns
913,Algebraic Expressions - Class 8 Math,Algebra Expression
914,Digestion in Human Beings 3D CBSE Class 7 Science (www.iDaaLearning.com,Operations of Whole Number
915,Weathering | Class 7 Geography | iKen,Indices
916,Lesson 1. Number Patterns | Maths Session for Grade 08,Algebra Expression
917,"Math Antics - Mean, Median and Mode",Sets
918,9 Incredible Science Facts You Probably Didn't Learn At School,Operations of Whole Number
919,All About Plant Leaf | Types of Leaves | Photosynthesis | Science For Kids | Grade 4 | Periwinkle,Angles
920,Angles - Types and definition - Mathematics for kids,Angles
921,Phonics Chapter 6 : The Vowel Sounds | Learn Phonics For Kids | Phonics Classroom Teaching Lessons,Indices
922,Unitary Method | Mathematics Grade 4 | Periwinkle,Operations of Whole Number
923,Lesson 5. Algebraic Expressions | Maths Session for Grade 08,Algebra Expression
924,Area | Mathematics Grade 5 | Periwinkle,Angles
925,Which are the Different Types of Angles? | Don't Memorise,Angles
926,Algebraic Expressions,Algebra Expression
927,Sets in Sinhala | kulaka | \u0d9a\u0dd4\u0dbd\u0d9a | O/L & Grade 10-11 maths | Questions with theory | Siyomaths \ud83c\uddf1\ud83c\uddf0,Sets
928,Math Antics - Angle Basics,Angles
929,Concept Of Multiplication | Mathematics Grade 1 | Periwinkl,Factors and Multiplication
930,INTRODUCTION TO SETS || GRADE 7 MATHEMATICS Q1,Sets
931,"Introduction to ratios | Ratios, proportions, units, and rates | Pre-Algebra | Khan Academy",Sets
932,"Pre School Learning For Kids | Animals, Birds, Animal Sounds, Fruits, Flowers, Vegetables",Factors and Multiplication
933,Roman Numerals | Mathematics Grade 5 | Periwinkle,Number Patterns
934,INTRODUCTION TO INTEGERS | GRADE 6,Directed Numbers
935,Math Antics - Long Division,Perimeter
936,"Q 3, Ex 11.2 - Perimeter and Area - Chapter 11 - Maths Class 7th - NCERT",Perimeter
937,"Learn Numbers For Kids | Counting Numbers 1 - 25 | Learn To Write Numbers | Before, After Numbers",Angles
938,Part-1 : Algebraic Expressions & Identities | Mathematics | Class 8 | CBSE Syllabus,Algebra Expression
939,What are Rational Numbers? | Number System Concept | Don't Memorise,Directed Numbers
940,"Point, Line, Line Segment, Ray, Angle | Mathematics Grade 3 | Periwinkle",Angles
941,Class-7 | Multiplication of Algebraic Expression | Algebraic Expression by ajay sir,Algebra Expression
942,01 - What is Absolute Value and Negative Numbers,Directed Numbers
943,Symmetrical & Non Symmetrical Shapes,Symmetry
944,Angles - Types and definition - Mathematics for kids,Angles
945,Full Lesson : Algebraic Expressions | Mathematics | Class 8 | AP&TS Syllabus,Algebra Expression
946,"Whole Numbers, Unit 1, Mathematics Class 4th",Operations of Whole Number
947,"Pre School Learning For Kids | Animals, Birds, Animal Sounds, Fruits, Flowers, Vegetables",Perimeter
948,"Factorisation using identities | Part 1/3 | English | Class 8"",",Algebra Expression
949,Triangle angle example 1 | Angles and intersecting lines | Geometry | Khan Academy,Angles
950,Addition of Fractions | Mathematics Grade 5 | Periwinkle,Operations of Whole Number
951,Learning Factors | Mathematics Grade 4 | Periwinkle,Indices
952,Factors and Multiples - 07,Sets
953,6th maths Term-3 Ch-4 Symmetry | Introduction | Samacheer 2021,Symmetry
954,Understand and Learn the Rules of Positive and Negative Numbers,Directed Numbers
955,Area | Mathematics Grade 5 | Periwinkle,Perimeter
956,Prime Factorisation | Mathematics Grade 5 | Periwinkle,Factors and Multiplication
957,Math Antics - Long Division,Angles
958,Greatest common factor exercise | Factors and multiples | Pre-Algebra | Khan Academy,Factors and Multiplication
959,Whole Numbers | Class 6 | Maths | CBSE | ICSE | FREE Tutorial,Operations of Whole Number
960,Numeric and geometric patterns,Number Patterns
961,Baby Jenny Has Fun Learning to Swim with Wolfoo - Kids Stories About Baby Jenny | Wolfoo Channel,Angles
962,Subtracting Integers | How to Subtract Positive and Negative Integers,Directed Numbers
963,Dividing Whole Numbers and Applications 4,Operations of Whole Number
964,Adding/subtracting negative numbers | Pre-Algebra | Khan Academy,Directed Numbers
965,Identifying symmetrical figures  | Math | 4th grade | Khan Academy,Symmetry
966,INTRODUCTION TO INTEGERS | GRADE 6,Sets
967,Math Antics - Angle Basics,Angles
968,Math Antics - Order Of Operations,Perimeter
969,Grade 8 - Mathematics - Algebraic Expression 1 / WorksheetCloud Online Lesson,Algebra Expression
970,What is Symmetry? || Symmetry || Grade 6,Symmetry
971,Patterns in sequences 1 | Linear equations | Algebra I | Khan Academy,Number Patterns
972,Perimeter | Class 6 | Maths | CBSE | ICSE | FREE Tutorial,Perimeter
973,Maths Symmetry part 1 (Introduction) CBSE Class 6 Mathematics VI,Symmetry
974,"""4 Types of Angles",Angles
975,Phonics Chapter 1 : Sounds of Alphabets | Learn Phonics  | Phonics Classroom Teaching,Indices
976,Lesson 4. Factors and Multiples (Part I) | Maths Session for Grade 07,Factors and Multiplication
977,Area | Mathematics Grade 5 | Periwinkle,Perimeter
978,Introduction to Fractions | #aumsum #kids #science #education #children,Sets
979,Lesson 7. Factors | Maths Session for Grade 08,Algebra Expression
980,Phonics chapter 4 : sounds of alphabets | learn phonics for kids | Nachiketa Pre primary school-kids,Indices
981,Understand and Learn the Rules of Positive and Negative Numbers,Directed Numbers
982,Perimeter | Maths for Kids | Grade 4 | Periwinkle,Symmetry
983,How to Use the Inverse Method to Solve a Linear Equation? | Don't Memorise,Algebra Expression
984,Decimals - Review | Mathematics Grade 5 | Periwinkle,Perimeter
985,"Air, Water And Weather | Science Grade 3 | Periwinkle",Indices
986,Multiples vs. Factors | What are Multiples and Factors? | Math with Mr. J,Factors and Multiplication
987,Part-1 : Rational Numbers | Mathematics | Class 8 | CBSE Syllabu,Directed Numbers
988,Algebra Basics: Laws Of Exponents - Math Antics,Operations of Whole Number
989,Clauses | English Grammar & Composition Grade 5 | Periwinkle,Directed Numbers
990,Prime factorization exercise | Factors and multiples | Pre-Algebra | Khan Academy,Factors and Multiplication
991,ALGEBRAIC EXPRESSIONS & EQUATIONS | GRADE 6,Algebra Expression
992,Grade 7 Math Q1 Ep1: Sets,Sets
993,3 Types of Rocks | #aumsum #kids #science #education #children,Angles
994,Simple Math Tricks You Weren\u2019t Taught at School,Perimeter
995,"Negative exponents | Exponents, radicals, and scientific notation | Pre-Algebra | Khan Academy",Indices
996,Area and Perimeter for Kids || How To Find Perimeter || Maths Concept for kids || Telugu,Perimeter
997,Integers | Ap&TS syllabus Class 6 Maths | Full lesson,Indices
998,How to become a Math Genius.\u2714\ufe0f How do genius people See a math problem! by mathOgenius,Algebra Expression
999,"Learn Numbers For Kids | Counting Numbers 1 - 25 | Learn To Write Numbers | Before, After Numbers",Directed Numbers
1000,What is a Universal Set? | Don't Memorise,Sets
1001,Adding Integers | How to Add Positive and Negative Integers,Directed Numbers
1002,Tens and Ones | Maths for Kids | Kindergarten Maths School Syllabus | Maths For Pre School,Directed Numbers
1003,Rounding The Numbers | Mathematics Grade 5 | Periwinkle,Operations of Whole Number
1004,What is Algebra? | Don't Memorise,Algebra Expression
1005,"Line of symmetry (2D shapes) : used \""paper-cut-out shape\"" to explain",Symmetry
1006,STD-8 PERIMETER & AREA OF COMBINED SHAPES (TN,Perimeter
1007,Quadrilaterals | Mathematics Grade 5 | Periwinkle,Angles
1008,u2705 3 Simple and amazing Questions Only a Genius Can Answer-Intelligence Test (IQ) | part-,Perimeter
1009,Lesson 1. Perimeter |  Maths Session for Grade 10 #DPEducation #Grade10Maths #perimeter,Perimeter
1010,Number sets 1 | Fractions | Pre-Algebra | Khan Academy,Operations of Whole Number
1011,General term of a number pattern(Grade 8 - Mathematics,Number Patterns
1012,Math Antics - Order Of Operations,Number Patterns
1013,Algebra Grade 8 Tutorial,Algebra Expression
1014,"Cylinder volume and surface area | Perimeter, area, and volume | Geometry | Khan Academy",Angles
1015,Grade 7 Science Unit 5 | Acids and Bases,Sets
1016,Parts of Speech | English Grammar & Composition Grade 4 | Periwinkle,Number Patterns
1017,Symmetry - (CBSE Grade: 06 Maths),Symmetry
1018,Angles | Mathematics Grade 5 | Periwinkle,Angles
1019,ograph and Bar Graphs | Mathematics Grade 5 | Periwinkle,Factors and Multiplication
1020,Symmetry full chapter | Mathematics | Class 6 | CBSE Syllabus,Symmetry
1021,Science | Grade 6 Science 5th Lesson - \u0d85\u0dcf\u0dbd\u0dd9\u0dcf\u0dca\u0d9a\u0dba \u0dc4\u0dcf \u0db4\u0dd9\u0db1\u0dd3\u0db8 | Light and Vision | 6 \u0dc0\u0dc3\u0dbb \u0dc0\u0dd2\u0daf\u0dca\u200d\u0dba\u0dcf\u0dc0 Sinhala,Symmetry
1022,Algebra Basics: What Is Algebra? - Math Antics,Angles
1023,Prime numbers | Factors and multiples | Pre-Algebra | Khan Academy,Factors and Multiplication
1024,Q 3 - Ex 13.2 - Symmetry - NCERT Maths Class 6th - Chapter 11,Symmetry
1025,Level 1 Exponents,Indices
1026,Best English Stories Compilation For Kids | 17 Short Moral Stories Collection | Periwinkle,Sets
1027,Operations on Decimal Numbers | Class 1 to 5 Mat,Operations of Whole Number
1028,Adding and Subtracting Integers Using a Simple Method,Directed Numbers
1029,Measuring angles in degrees | Angles and intersecting lines | Geometry | Khan Academy,Angles
1030,7 Effective Tips & Tricks In 1 Video | Mathematics study tips | Super Tips to Score 100% in Math,Algebra Expression
1031,"Lesson 4. Directed Numbers | Maths Session for Grade 08"",",Directed Numbers
1032,Finding LCM using prime factorisation,Factors and Multiplication
1033,Number Patterns Grade 8,Number Patterns
1034,Introduction to rational and irrational numbers | Algebra I | Khan Academy,Operations of Whole Number
1035,Maths Help - 35.  Addition & Subtraction of Directed Numbers,Directed Numbers
1036,Grade 6  - Mathematics - Rotational Symmetry - WorksheetCloud Video Lesson,Symmetry
1037,"Pre School Learning For Kids | Animals, Birds, Animal Sounds, Fruits, Flowers, Vegetables",Indices
1038,What Is Matter? - The Dr. Binocs Show | Best Learning Videos For Kids | Peekaboo Kidz,Perimeter
1039,Dividing positive and negative numbers | Pre-Algebra | Khan Academy,Directed Numbers
1040,Grade 8 Geometry,Perimeter
1041,Basic fractional exponents | Exponent expressions and equations | Algebra I | Khan Academy,Indices
1042,What are Exponents? | Don't Memorise,Indices
1043,Algebraic Expressions - Class 8 Math,Algebra Expression
1044,Grade 6 Science Lesson Sinhala medium|Science Channel Bro,Sets
1045,u0dad\u0dad\u0dca\u0db4\u0dbb \u0daf\u0dd9\u0d9a\u0dd9\u0db1\u0dca \u0d9c\u0dd4\u0dab \u0d9a\u0dbb\u0db1\u0dca\u0db1 \u0dbb\u0dc4\u0dc3\u0dca \u0d9a\u0dca\u200d\u0dbb\u0db8 5\u0d9a\u0dca | Math tricks |\u0d9c\u0dab\u0dd2\u0dad \u0dbb\u0dc4\u0dc3\u0dca,Algebra Expression
1046,Introduction to square roots | Numbers and operations | 8th grade | Khan Academy,Operations of Whole Number
1047,Introduction - Algebraic Expressions and Identities - Chapter 9 - NCERT Class 8th Maths,Algebra Expression
1048,u2705 3 Simple and amazing Questions Only a Genius Can Answer-Intelligence Test (IQ) | part-1,Perimeter
1049,Algebra - How To Solve Equations Quickly,Directed Numbers
1050,Multiples | Mathematics Grade 4 | Periwinkle,Factors and Multiplication
1051,Prime and Composite Numbers | Mathematics Grade 4 | Periwinkle,Directed Numbers
1052,4th Std Maths | Perimeter and Area | Square Paper | Comparing Perimeter & Area || Maths Activities,Perimeter
1053,u0db6\u0dd4\u0daf\u0dca\u0db0\u0dd2\u0db8\u0dad\u0dd4\u0db1\u0dca\u0da7 \u0db4\u0db8\u0db1\u0dba\u0dd2 \u0dc0\u0dd2\u0dc3\u0daf\u0db1\u0dca\u0db1 \u0db4\u0dd4\u0dbd\u0dd4\u0dc0\u0db1\u0dca | Sinhala Brainy Quiz,Indices
1054,Number Systems | Mathematics Grade 5 | Periwinkle,Sets
1055,"Perimeter and area: the basics | Perimeter, area, and volume | Geometry | Khan Academy",Perimeter
1056,Introduction to Fractions | #aumsum #kids #science #education #children,Factors and Multiplication
1057,English Grammar for Reading and Speaking Part 02 | Learn English Grammar For Kids | English Grammar,Symmetry
1058,Let\u2019s Learn About Vegetables | Learn Vegetables For Kids | Pre School Junior | Vegetables Song,Perimeter
1059,ctors and Multiples - Playing with Numbers | Class 6 Maths,Factors and Multiplication
1060,Lesson 3. Operations on whole numbers | Maths Session for Grade 07,Operations of Whole Number
1061,Cubes Of Numbers | Mathematics Grade 5 | Periwinkle,Sets
1062,Grade 7 maths lessons sinhala lesson 2,Sets
1063,Algebra Basics: What Is Algebra? - Math Antics,Algebra Expression
1064,Intro to Symmetry (Part 1) | What is Symmetry? | Lines of Symmetry,Symmetry
1065,Lesson 11. Symmetry | Maths Session for Grade 08,Symmetry
1066,Algebra Basics: The Distributive Property - Math Antics,Operations of Whole Number
1067,O/L Science short lessons || science mart ,Indices
1068,"Abacus Class 1||easy learning Abacus||learning Abacus in tamil||Free abacus class""",Operations of Whole Number
1069,Rational Numbers,Operations of Whole Number
1070,Division Properties | Mathematics Grade 3 | Periwinkle,Indices
1071,Factors and Multiples | Mathematics Grade 5 | Periwinkle,Factors and Multiplication
1072,Fractions I - Grade 8 - 13th lesson - English Medium - Sri Lankan National Curriculum,Algebra Expression
1073,"Symmetrical And Asymmetrical Shapes | Math | Grade-3,4 | Tutway |",Symmetry
1074,"Word Problems Addition and Subtraction of Capacities, Litres, Millilitres | Maths For Class 2",Operations of Whole Number
1075,Lesson 3. Mathematical Operations on Whole Numbers | Maths Session for Grade 06,Operations of Whole Number
1076,Introduction to limits | Limits | Differential Calculus | Khan Academy,Number Patterns
1077,"Q 2, Ex 11.1 - Perimeter and Area - Chapter 11 - Maths Class 7th - NCERT",Perimeter
1078,Measure Length | Mathematics Grade 1 | Periwinkl,Operations of Whole Number
1079,Multiplying positive and negative numbers | Pre-Algebra | Khan Academy,Directed Numbers
1080,Ratio | Mathematics Grade 5 | Periwinkle,Sets
1081,Subtraction With Borrowing | Subtract | Maths For Class 2 | Maths Basics For CBSE Children,Indices
1082,Introduction to Exponents | #aumsum #kids #science #education #children,Indices
1083,Area of parallelograms intuition | Algebra I | High School Math | Khan Academy,Perimeter
1084,Math Antics - Area,Perimeter
1085,"Sets: Union, Intersection, Complement",Sets
1086,Index Notation Exponent or Power | Mathematics Grade 5 | Periwinkle,Indices
1087,CARTESIAN COORDINATE SYSTEM || GRADE 8 MATHEMATICS Q1,Perimeter
1088,Introduction to Sets for Roster Method & Set Builder Form | Algebra |  Math | Letstute,Sets
1089,"GMSA Weekends : Aug 08, 2021",Indices
1090,How to classify numbers | Numbers and operations | 8th grade | Khan Academy,Directed Numbers
1091,Find measure of vertical angles | Angles and intersecting lines | Geometry | Khan Academy,Angles
1092,"Challenging perimeter problem | Perimeter, area, and volume | Geometry | Khan Academy",Perimeter
1093,Lesson 10. Indices | Maths Session for Grade 08,Indices
1094,Learn The Clock | Telling the Time | Pebbles Learning Videos,Indices
1095,Lesson 5. Algebraic Expressions |  Maths Session for Grade 09,Algebra Expression
1096,Circle And Its Construction | Mathematics Grade 5 | Periwinkle,Sets
1097,Class 6 - Mathematics - Chapter 1 - Lecture 1 Introduction to sets - Allied Schools,Sets
1098,Finding the rule for the pattern,Number Patterns
1099,Math Antics - Place Value,Operations of Whole Number
1100,LCM by Prime Factorisation Method | Mathematics Grade 4 | Periwinkle,Factors and Multiplication
1101,Class 6 Maths Chapter 13 Symmetry Part 1,Symmetry
1102,FASTEST WAY TO COVER THE SYLLABUS | 5 STUDY STRATEGIES | HOW TO STUDY IN EXAM TIME | MOTIVATION,Sets
1103,Perimeter | Maths for Kids | Grade 4 | Periwinkle,Perimeter
1104,Problem solving Venn Diagrams- 3 sets HL,Sets
1105,Algebraic Expressions | Class 7 | Maths| CBSE | ICSE | FREE Tutorial,Algebra Expression
1106,Number Patterns - Grade 8 - 1st lesson - English Medium - Sri Lankan National Curriculum,Number Patterns
1107,Introduction - Rotational Symmetry - NCERT Class 7th Maths Solutions,Symmetry
1108,NCERT Exercise 13.2 : Question 1 - Symmetry | Class 6 Maths,Symmetry
1109,Algebra Basics: What Is Algebra? - Math Antics,Directed Numbers
1110,Reflection And Rotational Symmetry In Familiar 2D Shapes | Mathematics Grade 5 | Periwinkle,Symmetry
1111,Factorising Algebraic Expressions ( factoring / factorizing ,Algebra Expression
1112,What are Multiples of a Number? How are Factors and Multiples related? | Don't Memorise,Factors and Multiplication
1113,Laws of Indices - Part 1 | Algebra | Maths | FuseSchool,Indices
1114,"Statistics intro: Mean, median, and mode | Data and statistics | 6th grade | Khan Academy",Sets
1115,Introduction to rational and irrational numbers | Algebra I | Khan Academ,Directed Numbers
1116,Volume of a Cube | Mathematics Grade 5 | Periwinkle,Angles
1117,"Whole Number Operations | Adding, Subtracting, Multiplying, and Dividing",Operations of Whole Number
1118,"Cylinder volume and surface area | Perimeter, area, and volume | Geometry | Khan Academy",Perimeter
1119,Measuring Angles | Mathematics Grade 4 | Periwinkle,Angles
1120,Lesson 12. Algebraic Expressions | Maths Session for Grade 07,Algebra Expression
1121,Patterns and sequences 8th Grade Math,Number Patterns
1122,Prime and Composite Numbers | Mathematics Grade 4 | Periwinkle,Number Patterns
1123,Area | Mathematics Grade 5 | Periwinkle,Algebra Expression
1124,Order of operations: PEMDAS | Arithmetic properties | Pre-Algebra | Khan Academy,Operations of Whole Number
1125,Factors and Multiples made easy |Prime Factorization| Find factors of all numbers| Class 1 to 5,Factors and Multiplication
1126,Squares Of Numbers | Mathematics Grade 5 | Periwinkle,Number Patterns
1127,Sets Basics - Introduction | Don't Memorise,Sets
1128,Constructing quadrilateral based on symmetry | Transformations | Geometry | Khan Academy,Symmetry
1129,Math Antics - Scientific Notation,Indices
1130,Properties of HCF and LCM | Learn with BYJU'S,Factors and Multiplication
1131,TN 9th STD Maths || Set Languages || Introduction  || New Syllabus -2018,Operations of Whole Number
1132,Algebraic Expressions - Chapter 12 - Introduction - NCERT Class 7th Maths Solutions,Algebra Expression
1133,What is a Sequence? (GMAT/GRE/CAT/Bank PO/SSC CGL) | Don't Memorise,Number Patterns
1134,"Ascending Order, Descending Order, Join The Dots | Maths For Class 2 | Maths Basics For CBSE",Number Patterns
1135,CERT Grade 8 || CBSE Class 8 - Algebraic Expressions and Identities Introduction in Tami,Algebra Expression
1136,Grade 8 Numeric Patterns Part 2,Number Patterns
1137,"The REAL Answer To The Viral Chinese Math Problem \""How Old Is The Captain?",Angles
1138,Number Counting | Counting in Tens and Ones | Maths For Class 2 | Maths Basics For CBSE Children,Operations of Whole Number
1139,Laws of Indices - Part 1 | Algebra | Maths | FuseSchool,Indices
1140,Math Antics - Polygons,Angles
1141,Symmetry | Class 7 | Maths| CBSE | ICSE | FREE Tutorial,Symmetry
1142,"""Q 2 - Ex 2.2 - Linear Equations in One Variable - NCERT Maths Class 8th - Chapter 2",Perimeter
1143,Math Antics - Volume,Perimeter
1144,Math Antics - Number Patterns,Sets
1145,How to Subtract Negative Numbers | Subtracting Negative Numbers,Directed Numbers
1146,Understanding Patterns | Mathematics Grade 1 | Periwinkle,Symmetry
1147,How to Divide a Decimal by a Decimal | Math with Mr. J,Operations of Whole Number
1148,Patterns with Numbers | Maths For Class 2 | Maths Basics For CBSE Children,Number Patterns
1149,Indices with Example,Indices
1150,Order of Operations | PEMDAS | 5th Grade Math (Part 1,Operations of Whole Number
1151,NCERT Grade 7 || CBSE Class 7 - Symmetry Introduction in Tamil,Symmetry
1152,Rules Of Divisibility | Mathematics Grade 4 | Periwinkle,Sets
1153,"Area of an equilateral triangle | Perimeter, area, and volume | Geometry | Khan Academy",Perimeter
1154,Introduction to Fractions | #aumsum #kids #science #education #children,Operations of Whole Number
1155,"Understand Points, Lines, Rays, Segments & Angles in Geometry  - [7]"",",Angles
1156,"Perimeter, And Area Of Triangle | Grade-4,5 | Tutway",Perimeter
1157,Angle Pairs 8th Grade Math,Angles
1158,Symmetry Part- 1 || 5th std Maths Syllabus || Exercises and Activities || Easy to Learn Math,Symmetry
1159,Math Antics - Adding & Subtracting Integers,Directed Numbers
1160,"What are Multiples of a Number? How are Factors and Multiples related? | Don't Memorise"", ",Factors and Multiplication
1161,Properties of Whole Numbers - Part 1 | Don't Memorise,Operations of Whole Number
1162,Patterns and sequences 8th Grade Math,Number Patterns
1163,"Earth Science for Kids - Solar System, Weather, Fossils, Volcanoes & More - Rock 'N Learn",Sets
1164,Learning Factors | Mathematics Grade 4 | Periwinkle,Sets
1165,Math Antics - Perimeter,Perimeter
1166,Math Antics - Number Patterns,Operations of Whole Number
1167,Measuring Angles | Mathematics Grade 4 | Periwinkle,Indices
1168,u2730 Symmetry craft ideas | Maths | How to make a symmetry paper crafts | Mathematics |,Symmetry
1169,Introduction to Sets for Roster Method & Set Builder Form | Algebra |  Math | Letstute,Sets
1170,Symmetry | Rotational Symmetry | Class 6,Symmetry
1171,Fractions - Lowest Terms | Mathematics Grade 4 | Periwinkle,Angles
1172,Math Antics - Ratios And Rates,Angles
1173,Lesson 1. Circles | Maths Session for Grade 06,Indices