Title,Topic
Lesson 5. Algebraic Expressions | Maths Session for Grade 08,Algebra Expression
Grade 8 - Mathematics - Algebraic Expression 1 / WorksheetCloud Online Lesson,Algebra Expression
Lesson 5. Algebraic Expressions |  Maths Session for Grade 09,Algebra Expression
Algebra Basics: What Is Algebra? - Math Antics,Algebra Expression
Lesson 6. Factors of the Algebraic Expressions | Maths Session for Grade 9,Algebra Expression
Algebraic Expressions - Class 8 Math,Algebra Expression
Lesson 7. Factors | Maths Session for Grade 08,Algebra Expression
Math lesson for Grade 7 - What are Algebraic Expressions,Algebra Expression
Algebra Grade 8 Tutorial,Algebra Expression
u0dad\u0dad\u0dca\u0db4\u0dbb \u0daf\u0dd9\u0d9a\u0dd9\u0db1\u0dca \u0d9c\u0dd4\u0dab \u0d9a\u0dbb\u0db1\u0dca\u0db1 \u0dbb\u0dc4\u0dc3\u0dca \u0d9a\u0dca\u200d\u0dbb\u0db8 5\u0d9a\u0dca | Math tricks |\u0d9c\u0dab\u0dd2\u0dad \u0dbb\u0dc4\u0dc3\u0dca,Algebra Expression
Algebra for Beginners | Basics of Algebra,Algebra Expression
Lesson 12. Algebraic Expressions | Maths Session for Grade 07,Algebra Expression
ass-7 | Multiplication of Algebraic Expression | Algebraic Expression by ajay sir,Algebra Expression
Grade 8 - Mathematics - Algebraic Equations 1 / WorksheetCloud Video Lesson,Algebra Expression
Lesson 4. Directed Numbers | Maths Session for Grade 08,Algebra Expression
Grade 8 Math - Lesson 8.5: Solving Equations,Algebra Expression
ALGEBRAIC EXPRESSIONS & EQUATIONS | GRADE 6,Algebra Expression
Algebra Trick to save you time (Algebra Tricks,Algebra Expression
Lesson 6. Solids | Maths Session for Grade 08,Algebra Expression
Lesson 1. Number Patterns | Maths Session for Grade 08,Algebra Expression
Algebraic Identities Class 8 & Class 9,Algebra Expression
Factorising Algebraic Expressions ( factoring / factorizing ,Algebra Expression
Introduction - Algebraic Expressions and Identities - Chapter 9 - NCERT Class 8th Maths,Algebra Expression
Solving Algebraic Expressions (Grade 8 Nelson Lesson 8.3 4 9 13,Algebra Expression
Lesson 5. Algebraic Expressions | Maths Session for Grade 08,Algebra Expression
Algebraic Expressions and Identities full lesson | Mathematics | Class 8 | CBSE Syllabus,Algebra Expression
Algebraic Expressions,Algebra Expression
Part-1 : Algebraic Expressions & Identities | Mathematics | Class 8 | CBSE Syllabus,Algebra Expression
Full Lesson : Algebraic Expressions | Mathematics | Class 8 | AP&TS Syllabus,Algebra Expression
Grade 8 - Mathematics - Algebraic Expression 1 / WorksheetCloud Online Lesson,Algebra Expression
Invention Of BRAILLE - Language Of The Blind  | The Dr. Binocs Show | Best Learning Video for Kids,Algebra Expression
Algebraic expressions full chapter | Mathematics | Class 7 | CBSE Syllabus,Algebra Expression
Algebraic expressions and identities full chapter | 8th class maths | CBSE Syllabus Mathematics,Algebra Expression
Algebraic Expressions - Class 8 Math,Algebra Expression
Lesson 5. Algebraic Expressions |  Maths Session for,Algebra Expression
Lesson 6. Factors of the Algebraic Expressions | Maths Session for Grade 9,Algebra Expression
Algebraic Expressions | Class 7 | Maths| CBSE | ICSE | FREE Tutorial,Algebra Expression
9 Incredible Science Facts You Probably Didn't Learn At School,Algebra Expression
Introduction to Algebra | Algebra for Beginners | Math | LetsTute,Algebra Expression
7 Effective Tips & Tricks In 1 Video | Mathematics study tips | Super Tips to Score 100% in Math,Algebra Expression
Introduction to Algebra | Ap&TS syllabus Class 6 Maths | Full lesson,Algebra Expression
Part-1 : Rational Numbers | Mathematics | Class 8 | CBSE Syllabus,Algebra Expression
ALGEBRAIC EXPRESSIONS & EQUATIONS | GRADE 6,Algebra Expression
NCERT Grade 8 || CBSE Class 8 - Algebraic Expressions and Identities Introduction in Tamil,Algebra Expression
Basic Algebra Formulas | Part 1 | (Maths Formulas) | SSC MATHS | Shortcut World | Online CSK,Algebra Expression
Multiplication Tables upto 1000 in vedic maths | Speed Maths | Vedic Mathematics,Algebra Expression
Class 6 || Maths || Equations : Word Problems,Algebra Expression
Algebraic Expressions - Chapter 12 - Introduction - NCERT Class 7th Maths Solutions,Algebra Expression
Lesson 5. Algebraic Expressions | Maths Session for Grade 08,Algebra Expression
Algebra Basics: What Is Algebra? - Math Antics,Algebra Expression
Grade 8 - Mathematics - Algebraic Expression 1 / WorksheetCloud Online Lesson,Algebra Expression
Algebra Basics: Solving 2-Step Equations - Math Antics,Algebra Expression
Lesson 5. Algebraic Expressions |  Maths Session for Grade 09,Algebra Expression
Algebra Basics: The Distributive Property - Math Antics,Algebra Expression
Algebraic Expressions - Class 8 Math,Algebra Expression
Lesson 6. Factors of the Algebraic Expressions | Maths Session for Grade 9,Algebra Expression
Algebra Basics: What Are Polynomials? - Math Antics,Algebra Expression
Class-7 | Multiplication of Algebraic Expression | Algebraic Expression by ajay sir,Algebra Expression
ALGEBRAIC EXPRESSIONS & EQUATIONS | GRADE 6,Algebra Expression
How to become a Math Genius.\u2714\ufe0f How do genius people See a math problem! by mathOgenius,Algebra Expression
Math lesson for Grade 7 - What are Algebraic Expressions,Algebra Expression
"""\u0dad\u0dad\u0dca\u0db4\u0dbb \u0daf\u0dd9\u0d9a\u0dd9\u0db1\u0dca \u0d9c\u0dd4\u0dab \u0d9a\u0dbb\u0db1\u0dca\u0db1 \u0dbb\u0dc4\u0dc3\u0dca \u0d9a\u0dca\u200d\u0dbb\u0db8 5\u0d9a\u0dca | Math tricks |\u0d9c\u0dab\u0dd2\u0dad \u0dbb\u0dc4\u0dc3\u0dca",Algebra Expression
Algebra for Beginners | Basics of Algebra,Algebra Expression
Introduction - Algebraic Expressions and Identities - Chapter 9 - NCERT Class 8th Maths,Algebra Expression
Lesson 7. Factors | Maths Session for Grade 08,Algebra Expression
Factorising Algebraic Expressions ( factoring / factorizing ,Algebra Expression
Algebra Trick to save you time (Algebra Tricks),Algebra Expression
Grade 8 Math - Lesson 8.5: Solving Equations,Algebra Expression
CERT Grade 8 || CBSE Class 8 - Algebraic Expressions and Identities Introduction in Tami,Algebra Expression
Algebra: Linear equations 1 | Linear equations | Algebra I | Khan Academy,Algebra Expression
Lesson 6. Solids | Maths Session for Grade 08,Algebra Expression
Lesson 5. Algebraic Expressions | Maths Session for Grade 08,Algebra Expression
Basics of Algebraic Expressions (GMAT/GRE/CAT/Bank PO/SSC CGL) | Don't Memorise,Algebra Expression
Algebraic Expressions | Class 7 | Maths| CBSE | ICSE | FREE Tutorial,Algebra Expression
Algebraic Expressions,Algebra Expression
What is Algebra? | Don't Memoris,Algebra Expression
Introduction to Algebra | Algebra for Beginners | Math | LetsTute,Algebra Expression
Grade 8 - Mathematics - Algebraic Expression 1 / WorksheetCloud Online Lesson,Algebra Expression
Factorisation using identities | Part 1/3 | English | Class 8,Algebra Expression
Factorization: what is it and how is it done? | Class 8th Maths,Algebra Expression
ALGEBRAIC EXPRESSIONS & EQUATIONS | GRADE 6,Algebra Expression
Area | Mathematics Grade 5 | Periwinkle,Algebra Expression
Invention Of BRAILLE - Language Of The Blind  | The Dr. Binocs Show | Best Learning Video for Kids,Algebra Expression
"""9 Incredible Science Facts You Probably Didn't Learn At School",Algebra Expression
MATH Quiz: Are You Smarter than 8th grader? | Can You Pass 8th Grade? - 30 Question,Algebra Expression
Factorize algebraic expressions | Factorization class 8 | algebraic expressions class 9 | Factorize,Algebra Expression
"Fractions I - Grade 8 - 13th lesson - English Medium - Sri Lankan National Curriculum""",Algebra Expression
NCERT Grade 8 || CBSE Class 8 - Algebraic Expressions and Identities Introduction in Tami,Algebra Expression
Lesson 5. Algebraic Expressions |  Maths Session for Grade 09,Algebra Expression
How to Use the Inverse Method to Solve a Linear Equation? | Don't Memorise,Algebra Expression
What is a Linear Equation in One Variable? | Don't Memorise,Algebra Expression
"10 Math Games That'll Boost Your Brain Power By 80%"", ",Algebra Expression
Algebra as a Pattern,Algebra Expression
SOLVING ALGEBRAIC EQUATIONS | GRADE 6,Algebra Expression
Maths Algebraic Expressions part 1 (Introduction) CBSE Class 7  Mathematics VI,Algebra Expression
Lesson 5. Algebraic Expressions | Maths Session for Grade 08,Algebra Expression
Basics of Algebraic Expressions (GMAT/GRE/CAT/Bank PO/SSC CGL) | Don't Memorise,Algebra Expression
"Algebraic Expressions | Class 7 | Maths| CBSE | ICSE | FREE Tutorial"", ",Algebra Expression
Algebraic Expressions,Algebra Expression
What is Algebra? | Don't Memorise,Algebra Expression
Introduction to Algebra | Algebra for Beginners | Math | LetsTute,Algebra Expression
Grade 8 - Mathematics - Algebraic Expression 1 / WorksheetCloud Online Lesson,Algebra Expression
"Factorisation using identities | Part 1/3 | English | Class 8"", ",Algebra Expression
Factorization: what is it and how is it done? | Class 8th Maths ,Algebra Expression
ALGEBRAIC EXPRESSIONS & EQUATIONS | GRADE 6,Algebra Expression
Area | Mathematics Grade 5 | Periwinkle,Algebra Expression
Invention Of BRAILLE - Language Of The Blind  | The Dr. Binocs Show | Best Learning Video for Kids,Algebra Expression
9 Incredible Science Facts You Probably Didn't Learn At Schoo,Algebra Expression
MATH Quiz: Are You Smarter than 8th grader? | Can You Pass 8th Grade? - 30 Questions,Algebra Expression
Factorize algebraic expressions | Factorization class 8 | algebraic expressions class 9 | Factoriz,Algebra Expression
Fractions I - Grade 8 - 13th lesson - English Medium - Sri Lankan National Curriculum,Algebra Expression
NCERT Grade 8 || CBSE Class 8 - Algebraic Expressions and Identities Introduction in Tamil,Algebra Expression
Lesson 5. Algebraic Expressions |  Maths Session for Grade 09,Algebra Expression
How to Use the Inverse Method to Solve a Linear Equation? | Don't Memorise,Algebra Expression
What is a Linear Equation in One Variable? | Don't Memorise,Algebra Expression
10 Math Games That'll Boost Your Brain Power By 80,Algebra Expression
Algebra as a Pattern,Algebra Expression
"SOLVING ALGEBRAIC EQUATIONS | GRADE 6"", ",Algebra Expression
Maths Algebraic Expressions part 1 (Introduction) CBSE Class 7  Mathematics VII,Algebra Expression
01 - Angles and Angle Measure in Degrees - Part 1 - Types of Angles & What is an Angle?,Angles
Math Antics - Angle Basics,Angles
Grade 8 Geometry,Angles
Angle Pairs 8th Grade Math,Angles
Math Antics - Area,Angles
"Math Antics - Points, Lines, & Planes",Angles
https://i.ytimg.com/vi/_n3KZR1DSEo/maxresdefault.jpg,Angles
Math Antics - Long Division,Angles
"Understand Points, Lines, Rays, Segments & Angles in Geometry  - [7]"", ",Angles
Angles Formed by a Transversal with Two Parallel Lines | Don't Memorise,Angles
Everything About Circle Theorems - In 3 minutes,Angles
Types of Angles & It's Measurements,Angles
How to Remember what you study? | How to Increase your Memory Power? | Study Tips | Letstute,Angles
Angles - Types and definition - Mathematics for kids,Angles
"Parallel and Perpendicular Lines, Transversals, Alternate Interior Angles, Alternate Exterior Angles",Angles
Algebra Basics: Graphing On The Coordinate Plane - Math Antics,Angles
Lines and Angles | Geometry | Math | Letstute,Angles
"Construction of angle of 15, 30, 45, 60, 75, 90, 105, 120, 135, 150, 165 and 180 degree new",Angles
"01 - Introduction to Physics, Part 1 (Force, Motion & Energy) - Online Physics Course",Angles
Math Antics - Rounding,Angles
Meet the Math Facts - Multiplication & Division Level 1 (FREE) | Preschool Prep ,Angles
Spherical Mirrors,Angles
Math Antics - Triangles,Angles
Introduction - Data Handling Chapter 5 - NCERT Class 8th Maths Solutions,Angles
Angles: measuring angles and their names! | Educational Videos for Kids,Angles
Class 5 || Maths || Shapes || Angles || Types of Angles and measurement,Angles
Angles - Types and definition - Mathematics for kids,Angles
Basic Figures Of Geometry | Maths For Kids | Periwinkle,Angles
"""4 Types of Angles",Angles
Learn how to Draw Shapes with Names | Easy Drawing | Education drawing for Beginners,Angles
Intro to Angles for Kids: Understanding Angles for Children - FreeSchool Math,Angles
Phonics Chapter 10 : Blending Words | Learn Phonics For Kids | Phonics Classroom Teaching Lessons,Angles
2 Letter Words | Two Letter Phonics Words | Sight Words | Pre School Kindergarten,Angles
Human Body for class 3,Angles
Drawing Different Types of Lines | Maths For Class 2 | Maths Basics For CBSE Children,Angles
Class 4 | CBSE | NCERT | Maths | 2 | Long And Short | T3 | Race | Hindi Video,Angles
Gravity Visualized,Angles
What are Angles? | Types of Angles| Measure and Draw Angles using a Protractor |Class 1 to 5,Angles
Measuring Angles | Mathematics Grade 4 | Periwinkle,Angles
Angles | Mathematics Grade 5 | Periwin,Angles
"Learn Numbers For Kids | Counting Numbers 1 - 25 | Learn To Write Numbers | Before, After Numbers",Angles
C.M & H.C.F-1 | Maths tricks | Easy maths tips for kids,Angles
Refraction of Ligh,Angles
Class 5 || Maths || Are,Angles
Class 5th Shapes and angles chapter 2 Maths,Angles
Singular and Plural | Singular & Plural Nouns | Phonics | Pre School Kindergarte,Angles
3 Types of Rocks | #aumsum #kids #science #education #children,Angles
Baby Jenny Has Fun Learning to Swim with Wolfoo - Kids Stories About Baby Jenny | Wolfoo Channel,Angles
Math Antics - Angle Basics,Angles
Math Antics - Angles & Degrees,Angles
"Math Antics - Points, Lines, & Planes",Angles
Angles Formed by a Transversal with Two Parallel Lines | Don't Memorise,Angles
DEFINED TERMS IN GEOMETRY (Mathematical System) Grade 8 Lesson 2 Third Quarter | ENGLISH Part 1,Angles
Angles: measuring angles and their names! | Educational Videos for Kids,Angles
Angle Pairs 8th Grade Math,Angles
Angles - Types and definition - Mathematics for kids,Angles
Math Antics - Volume,Angles
CLASS 8 | MATHS | CHAPTER 3 | E.X. 3.2 | EXTERIOR ANGLE | POLYGON | QUADRILATERALS| PART-2| NCERT,Angles
Math Antics - Long Division,Angles
Math Antics - Area,Angles
"The REAL Answer To The Viral Chinese Math Problem \""How Old Is The Captain?",Angles
Rubi Theresa  Trick to remember trigonometric values|Palm Trick (In English),Angles
How to Remember what you study? | How to Increase your Memory Power? | Study Tips | Letstute,Angles
What are examples of adjacent angle,Angles
Math Antics - The Pythagorean Theorem,Angles
Algebra Basics: What Is Algebra? - Math Antics,Angles
Which are the Different Types of Angles? | Don't Memorise,Angles
Math Antics - Telling Time,Angles
Math Antics - Ratios And Rates,Angles
"Intro to Angles for Kids: Understanding Angles for Children - FreeSchool Math"", ",Angles
"""How to become a Math Genius.\u2714\ufe0f How do genius people See a math problem! by mathOgenius",Angles
Math Antics - Polygons,Angles
Angles: measuring angles and their names! | Educational Videos for Kids,Angles
Angles | Mathematics Grade 5 | Periwinkle,Angles
Math Antics - Angle Basics,Angles
Measuring Angles | Mathematics Grade 4 | Periwinkle,Angles
Angles Formed by a Transversal with Two Parallel Lines | Don't Memorise,Angles
"Types of Angles According to Measures | Mathematics Grade 5 | Periwinkle""",Angles
Angles | Mathematics Grade 4 | Periwinkle,Angles
Types of Angles According to Positions | Mathematics Grade 5 | Periwinkl,Angles
"Speed, Distance, Time | Mathematics Grade 5 | Periwinkle",Angles
"Point, Line, Line Segment, Ray, Angle | Mathematics Grade 3 | Periwinkle",Angles
"Basic Figures Of Geometry | Maths For Kids | Periwinkle"", ",Angles
Quadrilaterals | Mathematics Grade 5 | Periwinkle,Angles
A Cool Grammar Test That 95% of People Fail,Angles
Factors and Multiples made easy |Prime Factorization| Find factors of all numbers| Class 1 to 5 ,Angles
Learning about Area | #aumsum #kids #science #education #children,Angles
Telling Time For Children - Learning the Clock,Angles
All About Plant Leaf | Types of Leaves | Photosynthesis | Science For Kids | Grade 4 | Periwinkle,Angles
Triangles | Mathematics Grade 5 | Periwinkle,Angles
Area | Mathematics Grade 5 | Periwinkle,Angles
Angles - Types and definition - Mathematics for kids,Angles
Volume of a Cuboid | Mathematics Grade 5 | Periwinkle,Angles
Fractions - Lowest Terms | Mathematics Grade 4 | Periwinkle,Angles
Polygons | Mathematics Grade 5 | Periwinkle,Angles
Volume of a Cube | Mathematics Grade 5 | Periwinkle,Angles
Angle basics | Angles and intersecting lines | Geometry | Khan Academy,Angles
Triangle angle example 1 | Angles and intersecting lines | Geometry | Khan Academy,Angles
Measuring angles in degrees | Angles and intersecting lines | Geometry | Khan Academy,Angles
Math Antics - Angle Basics,Angles
Triangle angle example 3 | Angles and intersecting lines | Geometry | Khan Academy,Angles
Sum of interior angles of a polygon | Angles and intersecting lines | Geometry | Khan Academy,Angles
Find measure of vertical angles | Angles and intersecting lines | Geometry | Khan Academy,Angles
Complementary and supplementary angles | Angles and intersecting lines | Geometry | Khan Academy,Angles
Introduction to angles (old) | Angles and intersecting lines | Geometry | Khan Academy,Angles
"Showing angles have same measure | Angles and intersecting lines | Geometry | Khan Academy""",Angles
Angle measurement and circle arcs | Angles and intersecting lines | Geometry | Khan Academy,Angles
Angles: measuring angles and their names! | Educational Videos for Kids,Angles
Introduction to Geometry,Angles
Math Antics - Triangles,Angles
Proof - Sum of Measures of Angles in a Triangle are 180,Angles
"Angle of Elevation and Depression Word Problems Trigonometry, Finding Sides, Angles, Right Triangles",Angles
"Cylinder volume and surface area | Perimeter, area, and volume | Geometry | Khan Academy",Angles
The Pythagorean theorem intro | Right triangles and trigonometry | Geometry | Khan Academy,Angles
Finding more angles | Angles and intersecting lines | Geometry | Khan Academy,Angles
Angles (part 3) | Angles and intersecting lines | Geometry | Khan Academy,Angles
Introduction to transformations | Transformations | Geometry | Khan Academy,Angles
Basic geometry: language and labels | Introduction to Euclidean geometry | Geometry | Khan Academy,Angles
"Exterior Angle Theorem For Triangles, Practice Problems - Geometry",Angles
Lesson 11. Symmetry | Maths Session for Grade 08,Symmetry
Function symmetry introduction | Transformations of functions | Algebra 2 | Khan Academy,Symmetry
Axis of symmetry | Transformations | Geometry | Khan Academy,Symmetry
What is Symmetry? - Basics | Line of Symmetry | Don't Memorise,Symmetry
Reflectional Symmetry and Rotational Symmetry | Don't Memorise,Symmetry
Symmetry - Grade 8 - 11th lesson - English Medium - Sri Lankan National Curriculum,Symmetry
Constructing quadrilateral based on symmetry | Transformations | Geometry | Khan Academy,Symmetry
Identifying symmetrical figures  | Math | 4th grade | Khan Academy,Symmetry
Intro to Symmetry: All About Symmetry for Kids - FreeSchool,Symmetry
Relations and functions | Functions and their graphs | Algebra II | Khan Academy,Symmetry
Line of reflection example,Symmetry
Introduction to transformations | Transformations | Geometry | Khan Academy,Symmetry
Symmetrical & Non Symmetrical Shapes,Symmetry
"Line of symmetry (2D shapes) : used \""paper-cut-out shape\"" to explain",Symmetry
"Symmetrical And Asymmetrical Shapes | Math | Grade-3,4 | Tutway |",Symmetry
Intro to Symmetry (Part 2) | What is Symmetry? | Lines of Symmetry,Symmetry
Intro to Symmetry (Part 1) | What is Symmetry? | Lines of Symmetry,Symmetry
Parabola vertex and axis of symmetry | Quadratic equations | Algebra I | Khan Academy,Symmetry
Binomial theorem | Polynomial and rational functions | Algebra II | Khan Academy,Symmetry
The substitution method | Systems of equations | 8th grade | Khan Academy,Symmetry
Rotating polygons 180 degrees about their center | Transformations | Geometry | Khan Academy,Symmetry
Congruent triangles and SSS | Congruence | Geometry | Khan Academy,Symmetry
reflexive symmetric transitive relations in hindi | types of relations | Niharika Panda,Symmetry
Points after rotation | Transformations | Geometry | Khan Academy,Symmetry
Symmetry - (CBSE Grade: 06 Maths),Symmetry
Class 6 | Maths | Symmetry | Mirror Symmetry,Symmetry
Symmetry | Part 1/3 | English | Class 6,Symmetry
What is Symmetry? || Symmetry || Grade 6,Symmetry
"""Reflectional Symmetry and Rotational Symmetry | Don't Memorise",Symmetry
Class 6 Maths Chapter 13 Symmetry Part 1,Symmetry
Intro to Symmetry: All About Symmetry for Kids - FreeSchool,Symmetry
Symmetry | Rotational Symmetry | Class 6,Symmetry
Grade 6  - Mathematics - Rotational Symmetry - WorksheetCloud Video Lesson,Symmetry
"Symmetrical And Asymmetrical Shapes | Math | Grade-3,4 | Tutway |",Symmetry
Symmetrical & Non Symmetrical Shapes,Symmetry
Reflection And Rotational Symmetry In Familiar 2D Shapes | Mathematics Grade 5 | Periwinkle,Symmetry
DIY Maths Squares Machine - Maths Working Model | Easy Maths Project For Exhibition | Maths Model,Symmetry
Line Symmetry and Mirror Symmetry | Types Of Symmetries - Iken Edu,Symmetry
Grade 6 - Mathematics - Symmetry: Reflective / WorksheetCloud Video Lesson,Symmetry
Line Of Symmetry | Mathematics Grade 4 | Periwinkle,Symmetry
Maths Symmetry part 1 (Introduction) CBSE Class 6 Mathematics VI,Symmetry
NCERT CBSE Class 6 Maths Chapter 13 Symmetry Part 1,Symmetry
Lesson 11. Symmetry | Maths Session for Grade 08,Symmetry
Math Antics - Perimeter,Symmetry
Lesson 1. Bilateral Symmetry | Maths Session for Grade 07,Symmetry
Science | Grade 6 Science 5th Lesson - \u0d85\u0dcf\u0dbd\u0dd9\u0dcf\u0dca\u0d9a\u0dba \u0dc4\u0dcf \u0db4\u0dd9\u0db1\u0dd3\u0db8 | Light and Vision | 6 \u0dc0\u0dc3\u0dbb \u0dc0\u0dd2\u0daf\u0dca\u200d\u0dba\u0dcf\u0dc0 Sinhala,Symmetry
What is Symmetry? - Basics | Line of Symmetry | Don't Memorise,Symmetry
Symmetry - (CBSE Grade: 06 Maths,Symmetry
Reflectional Symmetry and Rotational Symmetry | Don't Memorise,Symmetry
Intro to Symmetry: All About Symmetry for Kids - FreeSchool,Symmetry
Class 6 Maths Chapter 13 Symmetry Part 1,Symmetry
Maths Symmetry part 1 (Introduction) CBSE Class 6 Mathematics VI,Symmetry
Introduction - Symmetry - Chapter 13 - Class 6th Maths,Symmetry
Symmetry - More Math for Grades 6-8 on the Learning Videos Channel,Symmetry
Intro to Symmetry (Part 1) | What is Symmetry? | Lines of Symmetry,Symmetry
Lesson 1. Bilateral Symmetry | Maths Session for Grade 07,Symmetry
6th maths Term-3 Ch-4 Symmetry | Introduction | Samacheer 2021,Symmetry
Grade 6 maths sinhala lesson 9,Symmetry
Symmetrical & Non Symmetrical Shapes,Symmetry
"Symmetrical And Asymmetrical Shapes | Math | Grade-3,4 | Tutway |",Symmetry
Symmetry | Class 7 | Maths| CBSE | ICSE | FREE Tutorial,Symmetry
Line Of Symmetry | Mathematics Grade 4 | Periwinkle,Symmetry
Lesson 11. Symmetry | Maths Session for Grade 08,Symmetry
Symmetry | Class 6 Maths | Introduction to Symmetry | iWiz Kapil Gargi,Symmetry
NCERT Exercise 13.2 : Question 1 - Symmetry | Class 6 Maths,Symmetry
"""Maths Symmetry part 4 (Line Symmetry) CBSE Class 6 Mathematics VI",Symmetry
Q 3 - Ex 13.2 - Symmetry - NCERT Maths Class 6th - Chapter 11,Symmetry
Symmetry full chapter | Mathematics | Class 6 | CBSE Syllabus,Symmetry
Symmetry - Introduction | Class 6 Maths,Symmetry
Introduction - Rotational Symmetry - NCERT Class 7th Maths Solutions,Symmetry
Lesson 1. Bilateral Symmetry | Maths Session for Grade 07,Symmetry
Symmetry | Class 7 | Maths| CBSE | ICSE | FREE Tutoria,Symmetry
Reflection And Rotational Symmetry In Familiar 2D Shapes | Mathematics Grade 5 | Periwinkl,Symmetry
Line Of Symmetry | Mathematics Grade 4 | Periwinkle,Symmetry
What is Reflectional Symmetry | Class 7th Maths ,Symmetry
Intro to Symmetry: All About Symmetry for Kids - FreeSchool,Symmetry
"Symmetrical And Asymmetrical Shapes | Math | Grade-3,4 | Tutway ",Symmetry
Intro to Symmetry (Part 1) | What is Symmetry? | Lines of Symmetry,Symmetry
Measurement and Conversion of Capacity | Class 1 to 5 ,Symmetry
Lesson 4. Factors and Multiples (Part I) | Maths Session for Grade 07,Symmetry
Symmetry - (CBSE Grade: 06 Maths,Symmetry
"Quiz on Symmetry | part 1|"", ",Symmetry
Symmetry Lesson,Symmetry
Reflection and Symmetry | Part 1/3 | English | Class 6,Symmetry
Reflectional Symmetry and Rotational Symmetry | Don't Memorise,Symmetry
Basic Figures Of Geometry | Maths For Kids | Periwinkle,Symmetry
Grade 6 - Mathematics - Symmetry: Reflective / WorksheetCloud Video Lesson,Symmetry
NCERT Grade 7 || CBSE Class 7 - Symmetry Introduction in Tamil,Symmetry
Symmetry Song for Kids | A Day at Symmetry Land | Lines of Symmetry,Symmetry
Maths Symmetry part 11 (What is Rotational Symmetry) CBSE Class 7  Mathematics VI,Symmetry
Perimeter | Maths for Kids | Grade 4 | Periwinkle,Symmetry
Symmetric Geometry in Tamil,Symmetry
Maths Symmetry part 3 (Symmetry in Nature) CBSE Class 7  Mathematics VII,Symmetry
Lesson 7. Parallel Straight Lines | Maths Session for Grade 07,Symmetry
Symmetry | Class 7 | Maths| CBSE | ICSE | FREE Tutorial,Symmetry
Symmetry Part- 1 || 5th std Maths Syllabus || Exercises and Activities || Easy to Learn Math,Symmetry
Abacus Class - Introduction | Learn basics Abacus | Beginners Abacus Lesson 1,Symmetry
English Grammar for Reading and Speaking Part 02 | Learn English Grammar For Kids | English Grammar,Symmetry
Phonics Chapter 1 : Sounds of Alphabets | Learn Phonics  | Phonics Classroom Teaching,Symmetry
Symmetry full chapter | Mathematics | Class 7 | CBSE Syllabus,Symmetry
"Pre School Learning For Kids | Animals, Birds, Animal Sounds, Fruits, Flowers, Vegetables",Symmetry
"""5th std Maths Syllabus | Mathematics | Money Part -1 | Exercises & Activities",Symmetry
Video SparkNotes: Shakespeare's Romeo and Juliet summary,Symmetry
Symmetry Part- 2 || 5th std Maths Syllabus || Exercises and Activities || Easy to Learn Maths,Symmetry
1st STD Maths CBSE Syllabus | CBSE Maths | Chapter - Bigger Number | Mathematics Lesson -11,Symmetry
Class 5 || CBSE || Maths || Let us start learning Mathematics || The Fish Tale,Symmetry
19 Best Short English Stories for Kids Collection | Infobells,Symmetry
Reading 2 Letter Words | 3 Letter Words | 4 Letter Words | 5 Letter Words | Learn Englis,Symmetry
Reflectional Symmetry and Rotational Symmetry | Don't Memorise,Symmetry
u2730 Symmetry craft ideas | Maths | How to make a symmetry paper crafts | Mathematics |,Symmetry
Symmetry full chapter | Mathematics | Class 6 | CBSE Syllabus,Symmetry
Phonics Course Level 1 | Learn Phonics For Kids | Alphabet Sounds | Phonics For Pre School,Symmetry
Good Manners in Everyday Life for kids in English | Good Manners Videos For All | Good Habit,Symmetry
5th std Maths Syllabus | Mathematics | Time Part-1 | Exercises & Activities,Symmetry
Perimeter | Maths for Kids | Grade 4 | Periwinkle,Symmetry
Fractions Part-2 || 5th std Maths Syllabus || Exercises and Activities || Easy to Learn Maths,Symmetry
CBSE Class 2 Maths | CBSE Maths Chapter 5 - Patterns | NCERT | CBSE Syllabus | Maths For Grade 2,Symmetry
Understanding Patterns | Mathematics Grade 1 | Periwinkle,Symmetry
Introduction to rational and irrational numbers | Algebra I | Khan Academy,Directed Numbers
Adding/subtracting negative numbers | Pre-Algebra | Khan Academy,Directed Numbers
Negative numbers and number line examples | Pre-Algebra | Khan Academy,Directed Numbers
Adding and Subtracting Integers Using a Simple Method,Directed Numbers
Negative numbers introduction | Negative numbers and absolute value | Pre-Algebra | Khan Academ,Directed Numbers
Adding and subtracting negative numbers | Pre-Algebra | Khan Academy,Directed Numbers
Equivalent expressions with distribution and negative numbers | 7th grade | Khan Academy,Directed Numbers
Math Antics - Adding & Subtracting Integers,Directed Numbers
Introduction to square roots | Numbers and operations | 8th grade | Khan Academy,Directed Numbers
Opposite of a number | Negative numbers | 6th grade | Khan Academy,Directed Numbers
Multiplying positive and negative numbers | Pre-Algebra | Khan Academy,Directed Numbers
"Imaginary roots of negative numbers | Imaginary and complex numbers | Precalculus | Khan Academy"", ",Directed Numbers
Understand and Learn the Rules of Positive and Negative Numbers,Directed Numbers
Negative Numbers Subtracting (Easy Method,Directed Numbers
How to classify numbers | Numbers and operations | 8th grade | Khan Academy,Directed Numbers
"How to Subtract Negative Numbers | Subtracting Negative Numbers""",Directed Numbers
"Negative exponents | Exponents, radicals, and scientific notation | Pre-Algebra | Khan Academ",Directed Numbers
Adding Integers | How to Add Positive and Negative Integers,Directed Numbers
Missing value addition and subtraction problems with negative numbers | 7th grade | Khan Academy,Directed Numbers
Dividing positive and negative numbers | Pre-Algebra | Khan Academy,Directed Numbers
Subtracting Integers | How to Subtract Positive and Negative Integers,Directed Numbers
Algebra: Linear equations 1 | Linear equations | Algebra I | Khan Academy,Directed Numbers
Number sets | Fractions | Pre-Algebra | Khan Academy,Directed Numbers
A Trick for Adding and Subtracting Negative Numbers,Directed Numbers
Introduction To Negative Numbers |  Maths Concept For Kids | Maths Grade 5 | Periwinkle,Directed Numbers
Negative Numbers: An Overview,Directed Numbers
Operations of negative numbers without using number lines,Directed Numbers
"Learn Subtraction Using Number Line | Mathematics Book B | Periwinkle"", ",Directed Numbers
Prime and Composite Numbers | Mathematics Grade 4 | Periwinkle,Directed Numbers
Writing Roman Numerals | Mathematics Grade 3 | Periwinkle,Directed Numbers
Math Antics - Adding & Subtracting Integers,Directed Numbers
What are Integers? | Number System | Don't Memorise,Directed Numbers
Direct And Indirect Objects | English Grammar & Composition Grade 5 | Periwinkle,Directed Numbers
Addition And Subtraction Of Integers | Mathematics Grade 5 | Periwinkle,Directed Numbers
What are Rational Numbers? | Number System Concept | Don't Memorise,Directed Numbers
Rational Numbers,Directed Numbers
Understand and Learn the Rules of Positive and Negative Numbers,Directed Numbers
Understanding how positive and negative numbers interact,Directed Numbers
Rational and Irrational Numbers,Directed Numbers
INTRODUCTION TO INTEGERS | GRADE 6,Directed Numbers
ore and After Numbers | Mathematics Grade 1 | Periwinkle,Directed Numbers
Clauses | English Grammar & Composition Grade 5 | Periwinkle,Directed Numbers
Rules Of Divisibility | Mathematics Grade 4 | Periwinkle,Directed Numbers
Articles | English Grammar & Composition Grade 4 | Periwinkle,Directed Numbers
Profit and Loss | Mathematics Grade 5 | Periwinkle,Directed Numbers
Nouns - Concrete and Abstract | English Grammar & Composition Grade 4 | Periwinkle,Directed Numbers
What are Real Numbers? | Don't Memorise,Directed Numbers
Weather and Climate | Marvel Semester Series Social Studies Grade 3 | Periwinkle,Directed Numbers
Maths Help - 35.  Addition & Subtraction of Directed Numbers,Directed Numbers
Lesson 4. Directed Numbers | Maths Session for Grade 08,Directed Numbers
Math Antics - Adding & Subtracting Integers,Directed Numbers
Math Antics - Negative Numbers,Directed Numbers
Adding and Subtracting Integers Using a Simple Metho,Directed Numbers
Math Antics - Integer Multiplication & Division,Directed Numbers
Algebra Basics: Solving 2-Step Equations - Math Antics,Directed Numbers
Find even and odd number through games / Mathematics,Directed Numbers
Understand and Learn the Rules of Positive and Negative Numbers,Directed Numbers
Negative Numbers: An Overview,Directed Numbers
Directed numbers | Multiplication | Division,Directed Numbers
Subtracting Integers | How to Subtract Positive and Negative Integers,Directed Numbers
Directed numbers | Addition | Subtractio,Directed Numbers
Adding Integers | How to Add Positive and Negative Integers,Directed Numbers
Introduction to rational and irrational numbers | Algebra I | Khan Academ,Directed Numbers
Math Antics - Multi-Digit Subtraction,Directed Numbers
Directed Number,Directed Numbers
A Trick for Adding and Subtracting Negative Numbers,Directed Numbers
Algebra Basics: What Is Algebra? - Math Antics,Directed Numbers
Math Antics - Scientific Notation,Directed Numbers
Part-1 : Rational Numbers | Mathematics | Class 8 | CBSE Syllabu,Directed Numbers
Let\u2019s Learn Good Behaviour | Good Manners For Kids | Good Habits For Kids | Pre School Junior,Directed Numbers
Maths Help - 35.  Addition & Subtraction of Directed Numbers,Directed Numbers
Negative Numbers: An Overview,Directed Numbers
Adding and Subtracting Integers Using a Simple Method,Directed Numbers
A Trick for Adding and Subtracting Negative Numbers,Directed Numbers
Learn to Read | One Syllable Words | Red Level,Directed Numbers
What is Number Sequencing,Directed Numbers
How The Internet Works? | What Is Internet? | Dr Binocs Show | Kids Learning Video | Peekaboo Kidz,Directed Numbers
dition And Subtraction Of Integers | Mathematics Grade 5 | Periwinkle,Directed Numbers
Math Antics - Adding & Subtracting Integers,Directed Numbers
Phonics Chapter 1 : Sounds of Alphabets | Learn Phonics  | Phonics Classroom Teaching,Directed Numbers
Understand and Learn the Rules of Positive and Negative Numbers,Directed Numbers
Negative Numbers Subtracting (Easy Method,Directed Numbers
How to Subtract Negative Numbers | Subtracting Negative Numbers,Directed Numbers
INTRODUCTION TO INTEGERS | GRADE 6,Directed Numbers
Introduction To Negative Numbers |  Maths Concept For Kids | Maths Grade 5 | Periwinkle,Directed Numbers
Tens and Ones | Maths for Kids | Kindergarten Maths School Syllabus | Maths For Pre School,Directed Numbers
Abacus Class - Introduction | Learn basics Abacus | Beginners Abacus Lesson 1,Directed Numbers
Math Antics - Negative Numbers,Directed Numbers
e and Composite Numbers | Mathematics Grade 4 | Periwinkle,Directed Numbers
"Learn Numbers For Kids | Counting Numbers 1 - 25 | Learn To Write Numbers | Before, After Numbers",Directed Numbers
Lesson 8. Directed Numbers | Maths Session for Grade 07,Directed Numbers
Going To the Forest | Wild Animals for Kids and More Learning Songs & Nursery Rhymes by ChuChu TV,Directed Numbers
"Lesson 4. Directed Numbers | Maths Session for Grade 08"", ",Directed Numbers
Maths Help - 35.  Addition & Subtraction of Directed Numbers,Directed Numbers
Understand and Learn the Rules of Positive and Negative Numbers,Directed Numbers
Algebra Basics: What Is Algebra? - Math Antics,Directed Numbers
Math Antics - Negative Numbers,Directed Numbers
Math Antics - Adding & Subtracting Integers,Directed Numbers
Math Antics - Ratios And Rates,Directed Numbers
Algebra Basics: Solving 2-Step Equations - Math Antics,Directed Numbers
Directed numbers | Addition | Subtraction,Directed Numbers
Adding and Subtracting Integers Using a Simple Method,Directed Numbers
01 - What is Absolute Value and Negative Numbers,Directed Numbers
Math Antics - Exponents and Square Roots,Directed Numbers
Algebra - How To Solve Equations Quickly,Directed Numbers
JS Math| Addition Negative Number With Algebra Discs,Directed Numbers
Negative and Positive Numbers - Basic Mathematical Operations,Directed Numbers
Adding and subtracting negative numbers | Pre-Algebra | Khan Academy,Directed Numbers
Math Antics - Scientific Notation,Directed Numbers
Algebra Basics: What Are Polynomials? - Math Antics,Directed Numbers
Adding/subtracting negative numbers | Pre-Algebra | Khan Academy,Directed Numbers
Negative numbers introduction | Negative numbers and absolute value | Pre-Algebra | Khan Academy,Directed Numbers
Math Antics - Integer Multiplication & Division,Directed Numbers
Adding Integers | How to Add Positive and Negative Integers,Directed Numbers
"Negative Numbers Subtracting (Easy Method)"", ",Directed Numbers
"Integers - Multiplication, Division, Adding, Subtracting, Rules, Positive & Negative Numbers - Math",Directed Numbers
Finding factors and multiples | Factors and multiples | Pre-Algebra | Khan Academy,Factors and Multiplication
Finding factors of a number | Factors and multiples | Pre-Algebra | Khan Academy,Factors and Multiplication
Lesson 11. Factors and Multiples | Maths Session for Grade 06,Factors and Multiplication
Factors and Multiples | Mathematics Grade 5 | Periwinkle,Factors and Multiplication
Math Antics - Factoring,Factors and Multiplication
Grade 6 Mathematics - Factors and Multiples  (1st & 2nd Lessons) [English Medium,Factors and Multiplication
Math Antics - Prime Factorization,Factors and Multiplication
Multiples vs. Factors | What are Multiples and Factors? | Math with Mr. J,Factors and Multiplication
What are Multiples of a Number? How are Factors and Multiples related? | Don't Memorise,Factors and Multiplication
Lesson 4. Factors and Multiples (Part I) | Maths Session for Grade 07,Factors and Multiplication
Factors and Multiples made easy |Prime Factorization| Find factors of all numbers| Class 1 to 5 ,Factors and Multiplication
GCF,Factors and Multiplication
9 Incredible Science Facts You Probably Didn't Learn At School,Factors and Multiplication
26 FAST MATHS TRICKS YOU MUST KNOW,Factors and Multiplication
Multiples and Factors | Class 5 | Maths | CBSE | ICSE | FREE Tutorial,Factors and Multiplication
Math Antics - Common Denominator ECD,Factors and Multiplication
Factors and Multiples - Grade 6 - 11th lesson - English Medium - Sri Lankan National Curriculum,Factors and Multiplication
Prime and Composite Numbers | Mathematics Grade 4 | Periwinkle,Factors and Multiplication
Learning Factors | Mathematics Grade 4 | Periwinkle,Factors and Multiplication
"How To Find The LCM and HCF Quickly!"", ",Factors and Multiplication
Factors and Multiples | Class 6 | Maths | CBSE | ICSE | FREE Tutorial,Factors and Multiplication
Finding LCM using prime factorisation,Factors and Multiplication
Factors and Multiples,Factors and Multiplication
Finding factors and multiples | Factors and multiples | Pre-Algebra | Khan Academy,Factors and Multiplication
How to find Multiples and Factors  #3,Factors and Multiplication
Lesson 11. Factors and Multiples | Maths Session for Grade 06,Factors and Multiplication
Grade 6 Mathematics - Factors and Multiples  (1st & 2nd Lessons) [English Medium],Factors and Multiplication
Factors and Multiples | Mathematics Grade 5 | Periwinkle,Factors and Multiplication
Factors and Multiples made easy |Prime Factorization| Find factors of all numbers| Class 1 to 5 ,Factors and Multiplication
Factors and Multiples - Grade 6 - 11th lesson - English Medium - Sri Lankan National Curriculum,Factors and Multiplication
Multiples vs. Factors | What are Multiples and Factors? | Math with Mr. J,Factors and Multiplication
Lesson 4. Factors and Multiples (Part I) | Maths Session for Grade 07,Factors and Multiplication
Simple Math Tricks You Weren\u2019t Taught at School,Factors and Multiplication
Finding LCM using prime factorisation,Factors and Multiplication
Learning Factors | Mathematics Grade 4 | Periwinkle,Factors and Multiplication
Factors and Multiples | Class 6 | Maths | CBSE | ICSE | FREE Tutorial,Factors and Multiplication
All About Factors & Multiples \u2716\ufe0f | NCERT Class 6 Maths | Basic Maths |  #VedantuMathemagiciansClass6,Factors and Multiplication
Factors for the First Time,Factors and Multiplication
Math Antics - Prime Factorization,Factors and Multiplication
"BASIC MATHS - Multiples and Factors (for Key Stage 2 + 3, GCSEs, and Beginner",Factors and Multiplication
"""9 Incredible Science Facts You Probably Didn't Learn At School",Factors and Multiplication
ors and multiples | Playing with numbers #1 | Class 6 Maths,Factors and Multiplication
"Grade 5 - Mathematics - Multiples, Factors, Primes and Composites / WorksheetCloud Video Lesson",Factors and Multiplication
Factors and Multiples - Playing with Numbers | Class 6 Maths,Factors and Multiplication
ing factors and multiples | Factors and multiples | Pre-Algebra | Khan Academy,Factors and Multiplication
Playing with Numbers - 1 | Factor & Multiples | Class 6 Maths NCERT Solutions | Sana Khan,Factors and Multiplication
"What are Multiples of a Number? How are Factors and Multiples related? | Don't Memorise"", ",Factors and Multiplication
Multiples | Mathematics Grade 4 | Periwinkle,Factors and Multiplication
"Class 5 Maths | NCERT | Chapter 6 | Page 94 | Be My Multiple, I'll be Your Factor",Factors and Multiplication
Factors and Multiples | Mathematics Grade 5 | Periwinkle,Factors and Multiplication
Factors and Multiples made easy |Prime Factorization| Find factors of all numbers| Class 1 to 5 |,Factors and Multiplication
Learning Factors | Mathematics Grade 4 | Periwinkle,Factors and Multiplication
Multiple and Factors Part-1 | 5th std Maths Syllabus | Exercises & Activities | Easy to Learn Maths,Factors and Multiplication
Prime and Composite Numbers | Mathematics Grade 4 | Periwinkle,Factors and Multiplication
Multiples and factors | Samacheer 5th std Maths,Factors and Multiplication
Highest Common Factor (HCF) | Mathematics Grade 4 | Periwinkle,Factors and Multiplication
Multiples | Mathematics Grade 4 | Periwinkle,Factors and Multiplication
"Pre School Learning For Kids | Animals, Birds, Animal Sounds, Fruits, Flowers, Vegetables",Factors and Multiplication
Multiple and Factors Part-2 | 5th std Maths Syllabus | Exercises & Activities | Easy to Learn Maths,Factors and Multiplication
ctors and Multiples - Playing with Numbers | Class 6 Maths,Factors and Multiplication
Least Common Multiple (LCM) | Mathematics Grade 4 | Periwinkle,Factors and Multiplication
Factors for the First Time,Factors and Multiplication
Multiples vs. Factors | What are Multiples and Factors? | Math with Mr. J,Factors and Multiplication
9 Incredible Science Facts You Probably Didn't Learn At School,Factors and Multiplication
Nursery Rhymes For Kids | Top 20 Action Songs For Children | Nursery Rhymes With Actions,Factors and Multiplication
Class 5 || Maths || Multiplication,Factors and Multiplication
Numbers & Place value - Part 2 | 5th std Maths Syllabus | Mathematics,Factors and Multiplication
Multiples & Factors || Find the factors || Trivial Factors || Maths Activities,Factors and Multiplication
apes and Angles Measurement  - Part 1 | 5th std Maths Syllabus | Mathematics,Factors and Multiplication
Properties of HCF and LCM | Learn with BYJU'S,Factors and Multiplication
"Learn Numbers For Kids | Counting Numbers 1 - 25 | Learn To Write Numbers | Before, After Numbers",Factors and Multiplication
Grade 5|| MATHS || Unit 6- LCM and HCF,Factors and Multiplication
"Four operations Part - 4 | Add, Sub, Multiple & Division | 5th std Maths Syllabus | Mathematics",Factors and Multiplication
Prime numbers | Factors and multiples | Pre-Algebra | Khan Academy,Factors and Multiplication
Least common multiple exercise | Factors and multiples | Pre-Algebra | Khan Academy,Factors and Multiplication
Greatest common factor exercise | Factors and multiples | Pre-Algebra | Khan Academy,Factors and Multiplication
Prime factorization | Factors and multiples | Pre-Algebra | Khan Academy,Factors and Multiplication
Using factors and multiples to figure out days of the week | Pre-Algebra | Khan Academy,Factors and Multiplication
Reasoning about factors and multiples,Factors and Multiplication
Greatest common factor explained | Factors and multiples | Pre-Algebra | Khan Academy,Factors and Multiplication
Interactive module: finding factors | Factors and multiples | Pre-Algebra | Khan Academy,Factors and Multiplication
Recognizing prime and composite numbers | Factors and multiples | Pre-Algebra | Khan Academy,Factors and Multiplication
"Divisibility tests for 2, 3, 4, 5, 6, 9, 10 | Factors and multiples | Pre-Algebra | Khan Academy",Factors and Multiplication
Factors for the First Time,Factors and Multiplication
Prime and Composite Numbers,Factors and Multiplication
Prime Factorization (Intro and Factor Trees,Factors and Multiplication
GCF,Factors and Multiplication
Prime factorization exercise | Factors and multiples | Pre-Algebra | Khan Academy,Factors and Multiplication
LCM and GCF word problems | Factors and multiples | Pre-Algebra | Khan Academy,Factors and Multiplication
Multiples vs. Factors | What are Multiples and Factors? | Math with Mr. J,Factors and Multiplication
"Introduction to ratios | Ratios, proportions, units, and rates | Pre-Algebra | Khan Academy",Factors and Multiplication
at are Multiples of a Number? How are Factors and Multiples related? | Don't Memorise,Factors and Multiplication
Recognizing divisibility | Factors and multiples | Pre-Algebra | Khan Academy,Factors and Multiplication
Factors and Multiples | Mathematics Grade 5 | Periwinkle,Factors and Multiplication
Lesson 4. Factors and Multiples (Part I) | Maths Session for Grade 07,Factors and Multiplication
Factors and Multiples | Mathematics Grade 5 | Periwinkle,Factors and Multiplication
Learning Factors | Mathematics Grade 4 | Periwinkle,Factors and Multiplication
Highest Common Factor (HCF) | Mathematics Grade 4 | Periwinkle,Factors and Multiplication
Prime and Composite Numbers | Mathematics Grade 4 | Periwinkle,Factors and Multiplication
ltiples | Mathematics Grade 4 | Periwinkle,Factors and Multiplication
Least Common Multiple (LCM) | Mathematics Grade 4 | Periwinkle,Factors and Multiplication
https://www.youtube.com/embed/CqrYYiffPr0,Factors and Multiplication
Factors and Multiples made easy |Prime Factorization| Find factors of all numbers| Class 1 to 5 |,Factors and Multiplication
Divisibility | Mathematics Grade 5 | Periwinkle,Factors and Multiplication
ograph and Bar Graphs | Mathematics Grade 5 | Periwinkle,Factors and Multiplication
HCF By Successive Division Method or Continued Division Method | Mathematics Grade 5 | Periwinkle,Factors and Multiplication
Factors for the First Time,Factors and Multiplication
Introduction to Fractions | #aumsum #kids #science #education #children,Factors and Multiplication
9 Incredible Science Facts You Probably Didn't Learn At School,Factors and Multiplication
Concept Of Multiplication | Mathematics Grade 1 | Periwinkl,Factors and Multiplication
Measuring Angles | Mathematics Grade 4 | Periwinkle,Factors and Multiplication
Prime Factorisation | Mathematics Grade 4 | Periwinkle,Factors and Multiplication
LCM by Prime Factorisation Method | Mathematics Grade 4 | Periwinkle,Factors and Multiplication
Relationship Of Multiplication And Division | Mathematics Grade 3 | Periwinkle,Factors and Multiplication
Prime Factorisation | Mathematics Grade 5 | Periwinkle,Factors and Multiplication
Squares Of Numbers | Mathematics Grade 5 | Periwinkle,Factors and Multiplication
LCM and HCF by using Prime Factorization Method |Class 1 to 5|,Factors and Multiplication
Lesson 11. Factors and Multiples | Maths Session for Grade 06,Factors and Multiplication
Introduction to exponents | Pre-Algebra | Khan Academy,Indices
Lesson 24. Indices | Maths Session for Grade 06,Indices
"xponent rules part 1 | Exponents, radicals, and scientific notation | Pre-Algebra | Khan Academy",Indices
Laws of Indices - Part 1 | Algebra | Maths | FuseSchool,Indices
The zeroth power | Arithmetic operations | 6th grade | Khan Academy,Indices
"Grade 6 Math #1.1, What are Exponents - How to Read and Write them",Indices
"Introduction to ratios | Ratios, proportions, units, and rates | Pre-Algebra | Khan Academy",Indices
"What are variables, expressions, and equations? | Introduction to algebra | Algebra I | Khan Academy",Indices
Level 1 Exponents,Indices
Basic fractional exponents | Exponent expressions and equations | Algebra I | Khan Academy,Indices
Exponent properties involving products | Numbers and operations | 8th grade | Khan Academy,Indices
"Negative exponents | Exponents, radicals, and scientific notation | Pre-Algebra | Khan Academy",Indices
What are Exponents? | Don't Memorise,Indices
"Simplifying Exponents With Fractions, Variables, Negative Exponents, Multiplication & Division, Math",Indices
Indices - Introduction | Algebra | Maths | FuseSchool,Indices
Fractional Exponents,Indices
Math Antics - Basic Probability,Indices
w to evaluate expressions with two variables | 6th grade | Khan Academy,Indices
"Statistics intro: Mean, median, and mode | Data and statistics | 6th grade | Khan Academy",Indices
Introduction to square roots | Numbers and operations | 8th grade | Khan Academy,Indices
"Introduction to ratios | Ratios, rates, and percentages | 6th grade | Khan Academy",Indices
Basic addition | Addition and subtraction | Arithmetic | Khan Academy,Indices
"Range, variance and standard deviation as measures of dispersion | Khan Academy",Indices
"ck12.org normal distribution problems: z-score | Probability and Statistics | Khan Academy"", ",Indices
Lesson 24. Indices | Maths Session for Grade 06,Indices
Phonics Chapter 10 : Blending Words | Learn Phonics For Kids | Phonics Classroom Teaching Lessons,Indices
Phonics Course Level 1 | Learn Phonics For Kids | Alphabet Sounds | Phonics For Pre School,Indices
Phonics Chapter 1 : Sounds of Alphabets | Learn Phonics  | Phonics Classroom Teaching,Indices
"Pre School Learning For Kids | Animals, Birds, Animal Sounds, Fruits, Flowers, Vegetables",Indices
Subtraction With Borrowing | Subtract | Maths For Class 2 | Maths Basics For CBSE Children,Indices
Abacus Class - Introduction | Learn basics Abacus | Beginners Abacus Lesson 1,Indices
Phonics Chapter 6 : The Vowel Sounds | Learn Phonics For Kids | Phonics Classroom Teaching Lessons,Indices
"Less Than, Greater Than | Maths For Class 2 | Maths Basics For CBSE Children",Indices
9 Incredible Science Facts You Probably Didn't Learn At School,Indices
Learn The Clock | Telling the Time | Pebbles Learning Videos,Indices
Class 5 || Maths || Decimal Fractions,Indices
The World's Fastest Writer @ Spoorthi Pradhata Reddy,Indices
Kids vocabulary compilation - Words Theme collection\uff5cEnglish educational video for kids,Indices
ABC Phonics Numbers Shapes & Colors | Nursery Rhymes Songs for Kindergarten Kids by Little Treehouse,Indices
Phonics chapter 4 : sounds of alphabets | learn phonics for kids | Nachiketa Pre primary school-kids,Indices
Integers | Ap&TS syllabus Class 6 Maths | Full lesson,Indices
ABC Flashcards for Toddlers - Learning First Words - Teaching Alphabet for Kids,Indices
"GMSA Weekends : Aug 08, 2021",Indices
6th Std English || Grammar Time || Parts of Speech || English Grammar || Prose,Indices
Prime and Composite Numbers | Mathematics Grade 4 | Periwinkle,Indices
Whole Numbers | Ap&TS syllabus Class 6 Maths | Full lesson,Indices
Division ||  3th std Maths Syllabus || Exercises and Activities || Easy Way to Learn Maths for Kids,Indices
Ethical Hacking Full Course - Learn Ethical Hacking in 10 Hours | Ethical Hacking Tutorial | Edureka,Indices
Lesson 24. Indices | Maths Session for Grade 06,Indices
u0db6\u0dd4\u0daf\u0dca\u0db0\u0dd2\u0db8\u0dad\u0dd4\u0db1\u0dca\u0da7 \u0db4\u0db8\u0db1\u0dba\u0dd2 \u0dc0\u0dd2\u0dc3\u0daf\u0db1\u0dca\u0db1 \u0db4\u0dd4\u0dbd\u0dd4\u0dc0\u0db1\u0dca | Sinhala Brainy Quiz,Indices
Lesson 10. Indices | Maths Session for Grade 08,Indices
Laws of Indices - Part 1 | Algebra | Maths | FuseSchool,Indices
Math Antics - Intro To Exponents (aka Indices),Indices
26 FAST MATHS TRICKS YOU MUST KNOW,Indices
9 Incredible Science Facts You Probably Didn't Learn At School,Indices
Lesson 5. Indices | Maths Session for Grade 07,Indices
Science|Grade 6 Science Lessons in sinhala medium|Science for grade 6|2020|Science Channel Bro,Indices
Algebra Basics: Laws Of Exponents - Math Antics,Indices
Grade 06 Science lessons in Sinhala |  Unit 06 | 6 \u0dc0\u0dc3\u0dbb \u0dc0\u0dd2\u0daf\u0dca\u200d\u0dba\u0dcf\u0dc0 06 \u0db4\u0dcf\u0da9\u0db8 | \u0dc1\u0db6\u0dca\u0daf\u0dba \u0dc4\u0dcf \u0d87\u0dc3\u0dd3\u0db8,Indices
Lesson 3 - Indices and Logarithms -II |  Maths Session-Term 1 #logarithms #DPEducation #Grade11Maths,Indices
O/L Science short lessons || science mart ,Indices
Indices - Introduction | Algebra | Maths | FuseSchool,Indices
How to Remember what you study? | How to Increase your Memory Power? | Study Tips | Letstute,Indices
"What are Indices & How to Trade Them?"", ",Indices
Laws Of Indices - Part 1 | Algebra | Maths | FuseSchool,Indices
Indices with Example,Indices
Math Antics - Exponents and Square Roots,Indices
"Indices (Powers)"", ",Indices
Grade 9 - Mathematics - Indices PART 1 (English Medium),Indices
New Divide Tricks | Division Tricks | Divisibility Rules | Divisibility Rule For 7 | Maths Tricks,Indices
Std 7 Maths I  Chapter 6 I Indices I Practice Set 30 I Finding the square root,Indices
Class 6 Maths - Ratio and Proportion | Ratio,Indices
Math Antics - Intro To Exponents (aka Indices,Indices
Lesson 24. Indices | Maths Session for Grade 06,Indices
Algebra Basics: Laws Of Exponents - Math Antics,Indices
Math Antics - Order Of Operations,Indices
Laws of Indices - Part 1 | Algebra | Maths | FuseSchool,Indices
Lesson 10. Indices | Maths Session for Grade 08,Indices
Mathematics  Indices  Maths Paradise YouTube Video Channel,Indices
Math Antics - Exponents and Square Roots,Indices
Indices - Grade 6 - 24th lesson - English Medium - Sri Lankan National Curriculum,Indices
Math Antics - Basic Probability,Indices
Introduction To Exponents | Exponents and Powers | Algebra | Math | Letstute,Indices
Lesson 5. Indices | Maths Session for Grade 07,Indices
26 FAST MATHS TRICKS YOU MUST KNOW,Indices
How to become a Math Genius.\u2714\ufe0f How do genius people See a math problem! by mathOgenius,Indices
How to Remember what you study? | How to Increase your Memory Power? | Study Tips | Letstute,Indices
Indices - Introduction | Algebra | Maths | FuseSchool,Indices
Math Antics - Scientific Notation,Indices
How many ways are there to prove the Pythagorean theorem? - Betty Fei,Indices
"Lesson 14. Types of Numbers and Number Patterns | Maths Session for Grade 06"", ",Indices
Law of indices (all index laws) - Math,Indices
Math Antics - Adding & Subtracting Integers,Indices
Lesson 1. Circles | Maths Session for Grade 06,Indices
Lesson 12. Indices | Maths Session for Grade 09,Indices
Lesson 2. Place Value | Maths Session for Grade 06,Indices
Lesson 5. Indices | Maths Session for Grade 07,Indices
Indices Grade 07,Indices
Index Notation Exponent or Power | Mathematics Grade 5 | Periwinkle,Indices
Nouns: Singular & Plural | English Grammar & Composition Grade 2 | Periwinkle,Indices
Measure Length | Mathematics Grade 1 | Periwinkle,Indices
Prime and Composite Numbers | Mathematics Grade 4 | Periwinkle,Indices
Local and Self Government | Marvel Semester Series Social Studies Grade 4 | Periwinkle,Indices
9 Incredible Science Facts You Probably Didn't Learn At School,Indices
Learning Factors | Mathematics Grade 4 | Periwinkle,Indices
Mineral Resources | New Sparkle Semester Series Social Studies Grade 4 | Jeevandeep,Indices
Weathering | Class 7 Geography | iKen,Indices
Measuring Angles | Mathematics Grade 4 | Periwinkle,Indices
3 Simple and amazing Questions Only a Genius Can Answer-Intelligence Test (IQ) | part-1,Indices
"Pythagoras Theorem, Fractions, Ratio, Proportion and much more!! | #aumsum #kids #science",Indices
Basic Division | #aumsum #kids #science #education #children,Indices
Introduction to Exponents | #aumsum #kids #science #education #children,Indices
Lesson 7. Parallel Straight Lines | Maths Session for Grade 07,Indices
"Air, Water And Weather | Science Grade 3 | Periwinkle",Indices
Finding LCM using prime factorisation,Indices
Rules Of Divisibility | Mathematics Grade 4 | Periwinkle,Indices
Natural Disasters compilation | The Dr. Binocs Show | Best Learning Videos For Kids | Peekaboo Kidz,Indices
Division Properties | Mathematics Grade 3 | Periwinkle,Indices
Exponents and Powers | Class 7 | Maths| CBSE | ICSE | FREE Tutorial,Indices
Year 7 Indices,Indices
Math patterns example 1 | Applying mathematical reasoning | Pre-Algebra | Khan Academy,Number Patterns
Lesson 1. Number Patterns | Maths Session for Grade 08,Number Patterns
Grade 8 Numeric patterns Part 1,Number Patterns
Practice finding patterns in numbers | 3rd grade | Khan Academy,Number Patterns
Math patterns example 2 | Applying mathematical reasoning | Pre-Algebra | Khan Academy,Number Patterns
Math Antics - Number Patterns,Number Patterns
Patterns in sequences 1 | Linear equations | Algebra I | Khan Academy,Number Patterns
"Introduction to geometric sequences | Sequences, series and induction | Precalculus | Khan Academy",Number Patterns
Number Patterns Grade 8,Number Patterns
Number Patterns - Grade 8 - 1st lesson - English Medium - Sri Lankan National Curriculum,Number Patterns
"Introduction to arithmetic sequences | Sequences, series and induction | Precalculus | Khan Academy",Number Patterns
Patterns in sequences 2 | Linear equations | Algebra I | Khan Academy,Number Patterns
Finding the rule for the pattern,Number Patterns
Number Series Reasoning Tricks - The Easy Way,Number Patterns
Introduction to limits | Limits | Differential Calculus | Khan Academy,Number Patterns
Patterns for Kids,Number Patterns
Lesson 7. Factors | Maths Session for Grade 08,Number Patterns
Introduction to rational and irrational numbers | Algebra I | Khan Academy,Number Patterns
"Sigma notation for sums | Sequences, series and induction | Precalculus | Khan Academy",Number Patterns
Multiplying: 2 digit numbers | Multiplication and division | 4th grade | Khan Academy,Number Patterns
Introduction to number systems and binary | Pre-Algebra | Khan Academy,Number Patterns
Number patterns: interpreting relationships | Pre-Algebra | Khan Academy,Number Patterns
Introduction to order of operations | Arithmetic properties | Pre-Algebra | Khan Academy,Number Patterns
Grade 8 Numeric Patterns Part 2,Number Patterns
Lesson 1. Number Patterns | Maths Session for Grade 08,Number Patterns
Number Patterns - Grade 8 - 1st lesson - English Medium - Sri Lankan National Curriculum,Number Patterns
Grade 8 Numeric patterns Part 1,Number Patterns
Math Antics - Number Patterns,Number Patterns
/L Maths Lessons in Sinhala - Number Patterns | Grade 8 Lesson 1 Mathematics in Sinhala | guruthuma,Number Patterns
Mathematics | Grade 8 |Lesson 01-Number Patterns - Part 01,Number Patterns
Grade 8 Lessons 1 - Numbers Patterns,Number Patterns
Numeric and geometric patterns,Number Patterns
Number Patterns,Number Patterns
"Triangular Numbers 1, 3, 6, 10, 15 Non-Linear Pattern Rules",Number Patterns
Finding the rule for the pattern,Number Patterns
Number Patterns Grade 8,Number Patterns
Lesson 8. Square Root | Maths Session for Grade 08,Number Patterns
Grade 8 Numeric Patterns Part 2,Number Patterns
Lesson 4. Directed Numbers | Maths Session for Grade 08,Number Patterns
Patterns and sequences 8th Grade Math,Number Patterns
First Term Revision Exercise|Maths Session for Grade 08,Number Patterns
Lesson 12. Triangles and Quadrilaterals | Maths Session for Grade 08,Number Patterns
Lesson 5. Algebraic Expressions | Maths Session for Grade 08,Number Patterns
Lesson 3. Angles | Maths Session for Grade 08,Number Patterns
Rational Numbers,Number Patterns
Math Antics - Scientific Notation,Number Patterns
Microorganisms Friend and Foe | Class 8 Science Sprint for Final Exams | Class 8 Science Chapter 2,Number Patterns
Q 1 - Ex 2.2 - Linear Equations in One Variable - NCERT Maths Class 8th - Chapter 2,Number Patterns
Lesson 1. Number Patterns | Maths Session for Grade 08,Number Patterns
Math Antics - Number Patterns,Number Patterns
"""\u0db4\u0dcf\u0da9\u0db8 1 - \u0dc3\u0d82\u0d9b\u0dca\u200d\u0dba\u0dcf \u0dbb\u0da7\u0dcf | 8 \u0dc1\u0dca\u200d\u0dbb\u0dda\u0dab\u0dd2\u0dba \u0dc3\u0db3\u0dc4\u0dcf \u0d9c\u0dab\u0dd2\u0dad \u0dc3\u0dd0\u0dc3\u0dd2\u0dba #DPEducation #Grade8Maths #NumberPatterns",Number Patterns
"Grade 08 - Mathematics (English Medium) - Number patterns (Lesson - 01)"", ",Number Patterns
Number Patterns - Grade 8 - 1st lesson - English Medium - Sri Lankan National Curriculum,Number Patterns
Grade 8 Numeric patterns Part 1,Number Patterns
Mathematics | Grade 8 |Lesson 01-Number Patterns - Part 01,Number Patterns
Grade 8 Lessons 1 - Numbers Patterns,Number Patterns
Number Patterns Grade 8,Number Patterns
Lesson 4. Directed Numbers | Maths Session for Grade 08,Number Patterns
Lesson 8. Square Root | Maths Session for Grade 08,Number Patterns
General term of a number pattern(Grade 8 - Mathematics,Number Patterns
10 Fun Kiddy Riddles That Stump Most Adults,Number Patterns
Number Patterns,Number Patterns
How to become a Math Genius.\u2714\ufe0f How do genius people See a math problem! by mathOgenius,Number Patterns
Grade 08 - Math ( 8 \u0dc1\u0dca\u200d\u0dbb\u0dda\u0dab\u0dd2\u0dba - \u0d9c\u0dab\u0dd2\u0dad\u0dba ) - \u0dc3\u0d82\u0d9b\u0dca\u200d\u0dba\u0dcf \u0dbb\u0da7\u0dcf - N 06,Number Patterns
Patterns and sequences 8th Grade Math,Number Patterns
What is a Sequence? (GMAT/GRE/CAT/Bank PO/SSC CGL) | Don't Memorise,Number Patterns
Lesson 3. Angles | Maths Session for Grade 08,Number Patterns
Lesson 1. Number Patterns | Maths Session for Grade 09,Number Patterns
Lesson 5. Algebraic Expressions | Maths Session for Grade 08,Number Patterns
Lesson 2. Perimeter | Maths Session for Grade 08,Number Patterns
Math Antics - Order Of Operations,Number Patterns
Grade 8 Numeric and Geometric Patterns,Number Patterns
Lesson 1. Number Patterns | Maths Session for Grade 08,Number Patterns
Number Patterns - Grade 8 - 1st lesson - English Medium - Sri Lankan National Curriculum,Number Patterns
Triangle And Square Number Sequence | Mathematics Grade 5 | Periwinkle,Number Patterns
Understanding Patterns | Mathematics Grade 1 | Periwinkle,Number Patterns
ommon Number Patterns | Mathematics Grade 4 | Periwinkle,Number Patterns
Squares Of Numbers | Mathematics Grade 5 | Periwinkle,Number Patterns
Roman Numerals | Mathematics Grade 5 | Periwinkle,Number Patterns
Writing Roman Numerals | Mathematics Grade 3 | Periwinkle,Number Patterns
Prime and Composite Numbers | Mathematics Grade 4 | Periwinkle,Number Patterns
Degrees Of Comparison | English Grammar and Composition Grade 4 | Periwinkle,Number Patterns
Rounding The Numbers | Mathematics Grade 5 | Periwinkle,Number Patterns
Syllables | English Grammar & Composition Grade 3 | Periwinkle,Number Patterns
Direct And Indirect Objects | English Grammar & Composition Grade 5 | Periwinkle,Number Patterns
Number Patterns Grade 8,Number Patterns
Lesson 4. Directed Numbers | Maths Session for Grade 08,Number Patterns
Parts of Speech | English Grammar & Composition Grade 4 | Periwinkle,Number Patterns
Rules Of Divisibility | Mathematics Grade 4 | Periwinkle,Number Patterns
Learning Even And Odd Numbers | Mathematics Grade 2 | Periwinkle,Number Patterns
The Open Boat by Stephen Crane | English Story | Grade 8 | Periwinkle,Number Patterns
"Simple Tenses - Present, Past and Future | English Grammar & Composition Grade 4 | Periwinkle",Number Patterns
Number Patterns - Grade 8 - 1st lesson - English Medium - Sri Lankan National Curriculum,Number Patterns
Lesson 1. Number Patterns | Maths Session for Grade 08,Number Patterns
Number Patterns Grade 8,Number Patterns
Math Antics - Number Patterns,Number Patterns
Number Patterns | Maths For Class 2 | Maths Basics For CBSE Children,Number Patterns
Patterns with Numbers | Maths For Class 2 | Maths Basics For CBSE Children,Number Patterns
"Learn Numbers For Kids | Counting Numbers 1 - 25 | Learn To Write Numbers | Before, After Numbers",Number Patterns
Understanding Patterns | Mathematics Grade 1 | Periwinkle,Number Patterns
What is Number Sequencing?,Number Patterns
Patterns | Maths for Kids | Kindergarten Maths School Syllabus | Maths For Pre School,Number Patterns
Patterns with Figures and Shapes | Maths For Class 2 | Maths Basics For CBSE Children,Number Patterns
Subtraction With Borrowing | Subtract | Maths For Class 2 | Maths Basics For CBSE Children,Number Patterns
Learn 2 to 9 Times Multiplication Tricks | Easy and fast way to learn | Math Tips and Tricks,Number Patterns
"Earth Science for Kids - Solar System, Weather, Fossils, Volcanoes & More - Rock 'N Learn",Number Patterns
ABC Flashcards for Toddlers - Learning First Words - Teaching Alphabet for Kids,Number Patterns
Reading 2 Letter Words | 3 Letter Words | 4 Letter Words | 5 Letter Words | Learn English,Number Patterns
Grade 2  Maths Number Patterns,Number Patterns
Abacus Class - Introduction | Learn basics Abacus | Beginners Abacus Lesson 1,Number Patterns
Part-1 : Rational Numbers | Mathematics | Class 8 | CBSE Syllabus,Number Patterns
Phonics Chapter 1 : Sounds of Alphabets | Learn Phonics  | Phonics Classroom Teaching,Number Patterns
Phonics Course Level 1 | Learn Phonics For Kids | Alphabet Sounds | Phonics For Pre School,Number Patterns
Phonics Chapter 8 : Recognising AY and OY Sounds | Learn Phonics For Kids | Phonics Lessons,Number Patterns
"Ascending Order, Descending Order, Join The Dots | Maths For Class 2 | Maths Basics For CBSE",Number Patterns
Addition of Numbers with Carrying | Maths For Class 2 | Maths Basics For CBSE Children,Number Patterns
Intro to whole numbers | Class 6 (India) | Math | Khan Academy,Operations of Whole Number
Lesson 3. Mathematical Operations on Whole Numbers | Maths Session for Grade 06,Operations of Whole Number
Multiplying fractions and whole numbers: two approaches | Fractions | 5th grade | Khan Academy,Operations of Whole Number
"Whole Number Operations | Adding, Subtracting, Multiplying, and Dividing",Operations of Whole Number
Properties of Whole Numbers class-6,Operations of Whole Number
Introduction to order of operations | Arithmetic properties | Pre-Algebra | Khan Academy,Operations of Whole Number
Properties of Whole Numbers - Part 1 | Don't Memorise,Operations of Whole Number
How to classify numbers | Numbers and operations | 8th grade | Khan Academy,Operations of Whole Number
Conceptual understanding of multiplying fractions and whole numbers | Khan Academy,Operations of Whole Number
Multiply a Whole Number by a Decimal | Math with Mr. J,Operations of Whole Number
Number sets 1 | Fractions | Pre-Algebra | Khan Academy,Operations of Whole Number
Order of operations: PEMDAS | Arithmetic properties | Pre-Algebra | Khan Academy,Operations of Whole Number
Visually dividing a fraction by a whole number,Operations of Whole Number
Dividing Whole Numbers and Applications 4,Operations of Whole Number
Introduction to multiplying decimals | Decimals | Pre-Algebra | Khan Academy,Operations of Whole Number
Intro to the number line | Class 6 (India) | Math | Khan Academ,Operations of Whole Number
Introduction to rational and irrational numbers | Algebra I | Khan Academy,Operations of Whole Number
Introduction to square roots | Numbers and operations | 8th grade | Khan Academy,Operations of Whole Number
Regrouping whole numbers | Arithmetic properties | Pre-Algebra | Khan Academy,Operations of Whole Number
Introduction to decimals | Decimals | 4th grade | Khan Academy,Operations of Whole Number
"Whole Number Operations | Adding, Subtracting, Multiplying, and Dividing",Operations of Whole Number
Introduction to multiplying decimals | Decimals | Pre-Algebra | Khan Academy,Operations of Whole Number
Math Antics - Order Of Operations,Operations of Whole Number
Properties of Whole Numbers - Part 1 | Don't Memorise,Operations of Whole Number
Whole Numbers | Class 6 | Maths | CBSE | ICSE | FREE Tutorial,Operations of Whole Number
Lesson 3. Operations on whole numbers | Maths Session for Grade 07,Operations of Whole Number
Solving Word Problems Involving Operations | MathDali | Grade 4 Math,Operations of Whole Number
Class 6 Maths - What are Whole Numbers? With Examples,Operations of Whole Number
How to Divide a Decimal by a Decimal | Math with Mr. J,Operations of Whole Number
Math Antics - Proportions,Operations of Whole Number
Algebra Basics: The Distributive Property - Math Antics,Operations of Whole Number
Math Antics - Rounding,Operations of Whole Number
Adding and Subtracting Mixed Numbers,Operations of Whole Number
26 FAST MATHS TRICKS YOU MUST KNOW,Operations of Whole Number
"Whole Numbers, Unit 1, Mathematics Class 4th",Operations of Whole Number
The Distributive Property In Arithmetic,Operations of Whole Number
Order of Operations Song | PEMDAS Rap for 5th Grade,Operations of Whole Number
Dividing Mixed Numbers | Step by Step | Math with Mr. J,Operations of Whole Number
Multiplying Mixed Numbers and Whole Numbers,Operations of Whole Number
Algebra Basics: What Is Algebra? - Math Antics,Operations of Whole Number
Addition And Subtraction Of Integers | Mathematics Grade 5 | Periwinkle,Operations of Whole Number
Order of Operations | PEMDAS | 5th Grade Math (Part 1,Operations of Whole Number
Math Antics - Factoring,Operations of Whole Number
Lesson 3. Operations on whole numbers | Maths Session for Grade 07,Operations of Whole Number
Properties of Whole Numbers - Part 1 | Don't Memorise,Operations of Whole Number
"Whole Number Operations | Adding, Subtracting, Multiplying, and Dividing",Operations of Whole Number
Rounding The Numbers | Mathematics Grade 5 | Periwinkle,Operations of Whole Number
Whole Numbers | Class 6 | Maths | CBSE | ICSE | FREE Tutorial,Operations of Whole Number
Place Value Of The Digits In A Number | Mathematics Grade 5 | Periwinkle,Operations of Whole Number
Order Of Operations - DMAS | Mathematics Grade 4 | Periwinkle,Operations of Whole Number
Rounding Decimals | Mathematics Grade 5 | Periwinkle,Operations of Whole Number
Prime and Composite Numbers | Mathematics Grade 4 | Periwinkle,Operations of Whole Number
Number Systems | Mathematics Grade 5 | Periwinkle,Operations of Whole Number
Introduction To Negative Numbers |  Maths Concept For Kids | Maths Grade 5 | Periwinkle,Operations of Whole Number
Place Value And Face Value | Mathematics Grade 2 | Periwinkle,Operations of Whole Number
"Place Value - Using Hundreds, Tens, and Ones",Operations of Whole Number
Ones & Tens | Mathematics Grade 1 | Periwinkle,Operations of Whole Number
Introduction to Fractions | #aumsum #kids #science #education #children,Operations of Whole Number
Health and Physical Education Grade 7 | Let us build a healthy family environment | English Medium,Operations of Whole Number
Rules Of Divisibility | Mathematics Grade 4 | Periwinkle,Operations of Whole Number
Measure Length | Mathematics Grade 1 | Periwinkl,Operations of Whole Number
What are Rational Numbers? | Number System Concept | Don't Memorise,Operations of Whole Number
"Division Story Problems | Mathematics Grade 3 | Periwinkle"", ",Operations of Whole Number
Roman Numerals | Mathematics Grade 5 | Periwinkle,Operations of Whole Number
Whole Numbers - Introduction | Class 6 Maths,Operations of Whole Number
Relationship Of Multiplication And Division | Mathematics Grade 3 | Periwinkle,Operations of Whole Number
Expanded Notation of A Number | Mathematics Grade 4 | Periwinkle,Operations of Whole Number
Lesson 3. Operations on whole numbers | Maths Session for Grade 07,Operations of Whole Number
Whole Numbers | Ap&TS syllabus Class 6 Maths | Full lesson,Operations of Whole Number
"Four operations Part - 1 | Add, Sub, Multiple & Division | 5th std Maths Syllabus | Mathematics",Operations of Whole Number
Abacus Class - Introduction | Learn basics Abacus | Beginners Abacus Lesson 1,Operations of Whole Number
Numbers & Place value - Part 2 | 5th std Maths Syllabus | Mathematics,Operations of Whole Number
Math Antics - Place Value,Operations of Whole Number
Rational Numbers,Operations of Whole Number
ce Value And Face Value | Mathematics Grade 2 | Periwinkle,Operations of Whole Number
"Addition of Length, Cm, Inches, Metres, Kms | Maths For Class 2 | Maths Basics For CBSE Children",Operations of Whole Number
Vinculum | Subtractions | Speed Maths | Vedic Mathematics,Operations of Whole Number
TN 9th STD Maths || Set Languages || Introduction  || New Syllabus -2018,Operations of Whole Number
Rounding The Numbers | Mathematics Grade 5 | Periwinkle,Operations of Whole Number
Abacus tutorial for beginners - Math and Addition- How to start with Abacus easy way |2.5 yr Toddler,Operations of Whole Number
Operations on Decimal Numbers | Class 1 to 5 Mat,Operations of Whole Number
Why Do We Fart? - The Dr. Binocs Show | Best Learning Videos For Kids | Peekaboo Kidz,Operations of Whole Number
"Abacus Class 1||easy learning Abacus||learning Abacus in tamil||Free abacus class""",Operations of Whole Number
Unitary Method | Mathematics Grade 4 | Periwinkle,Operations of Whole Number
Number Counting | Counting in Tens and Ones | Maths For Class 2 | Maths Basics For CBSE Children,Operations of Whole Number
Factors and Multiples | Mathematics Grade 5 | Periwinkle,Operations of Whole Number
Addition of Fractions | Mathematics Grade 5 | Periwinkle,Operations of Whole Number
"Word Problems Addition and Subtraction of Capacities, Litres, Millilitres | Maths For Class 2",Operations of Whole Number
Subtraction for kids - Learn how to subtract - Mathematics for kids ,Operations of Whole Number
Addition Word Problems | Word Problems on Addition | Maths For Class 2 | Maths Basics CBSE Children,Operations of Whole Number
Rules Of Divisibility | Mathematics Grade 4 | Periwinkle,Operations of Whole Number
Lesson 3. Operations on whole numbers | Maths Session for Grade 07,Operations of Whole Number
Math Antics - Order Of Operations,Operations of Whole Number
Lesson 1 - Multiply Whole Numbers By Fractions (5th Grade Math,Operations of Whole Number
Lesson 3. Mathematical Operations on Whole Numbers | Maths Session for Grade 06,Operations of Whole Number
Simple Math Tricks You Weren\u2019t Taught at Schoo,Operations of Whole Number
Heart Dissection GCSE A Level Biology NEET Practical Skills,Operations of Whole Number
Science for kids | Brilliant Brains | The Nervous System | Experiments for kids | Operation Ouch,Operations of Whole Number
Lesson 29. Likelihood of an Event Occurring | Maths Session for Grade 07,Operations of Whole Number
Digestion in Human Beings 3D CBSE Class 7 Science (www.iDaaLearning.com,Operations of Whole Number
Math Antics - Dividing Fractions,Operations of Whole Number
Nutrition in Plants | Class 7 Science Sprint | Chapter 1 @Vedantu Young Wonder,Operations of Whole Number
26 FAST MATHS TRICKS YOU MUST KNOW,Operations of Whole Number
Frog Dissection--Sixth Grade,Operations of Whole Number
How to become a Math Genius.\u2714\ufe0f How do genius people See a math problem! by mathOgenius,Operations of Whole Number
9 Incredible Science Facts You Probably Didn't Learn At School,Operations of Whole Number
10 SECRET STUDY TIPS TO SCORE HIGHEST IN EXAMS || FASTEST WAY TO COVER ENTIRE SYLLABUS | STUDY HACKS,Operations of Whole Number
Algebra Basics: Laws Of Exponents - Math Antics,Operations of Whole Number
"Pythagoras Theorem, Fractions, Ratio, Proportion and much more!! | #aumsum #kids #science",Operations of Whole Number
Fractions & Decimals - Chapter 2 - Introduction - Class 7,Operations of Whole Number
Math Videos:  How To Learn Basic Arithmetic Fast - Online Tutorial Lessons,Operations of Whole Number
Introduction to Fractions | #aumsum #kids #science #education #children,Operations of Whole Number
Microsoft Excel Tutorial for Beginners | Excel Training | Excel Formulas and Functions | Edureka,Operations of Whole Number
Algebra Basics: Solving 2-Step Equations - Math Antics,Operations of Whole Number
Math Antics - Number Patterns,Operations of Whole Number
Lesson 2. Perimeter | Maths Session for Grade 08,Perimeter
Perimeter | Maths for Kids | Grade 4 | Periwinkle,Perimeter
4th Std Maths | Perimeter and Area | Square Paper | Comparing Perimeter & Area || Maths Activities,Perimeter
What is ACID RAIN? | Acid Rain | Dr Binocs Show | Kids Learning Video | Peekaboo Kidz,Perimeter
Phonics Course Level 1 | Learn Phonics For Kids | Alphabet Sounds | Phonics For Pre School,Perimeter
Measure Length | Mathematics Grade 1 | Periwinkle,Perimeter
Phonics Chapter 1 : Sounds of Alphabets | Learn Phonics  | Phonics Classroom Teaching,Perimeter
"Opposites for Kids | + More Kids Educational Videos, Kid's Learning, Educational Videos for Children""",Perimeter
Perimeter and area full chapter | Mathematics | Class 7 | CBSE Syllabus,Perimeter
"Pre School Learning For Kids | Animals, Birds, Animal Sounds, Fruits, Flowers, Vegetables",Perimeter
"Addition of Length, Cm, Inches, Metres, Kms | Maths For Class 2 | Maths Basics For CBSE Children",Perimeter
Area and Perimeter for Kids || How To Find Perimeter || Maths Concept for kids || Telugu,Perimeter
Learning about Area | #aumsum #kids #science #education #children,Perimeter
Tens and Ones | Maths for Kids | Kindergarten Maths School Syllabus | Maths For Pre School,Perimeter
Perimeter | Class 6 | Maths | CBSE | ICSE | FREE Tutorial,Perimeter
9 Incredible Science Facts You Probably Didn't Learn At School,Perimeter
Class 5 || CBSE || Maths || Let us start learning Mathematics || The Fish Tale,Perimeter
Class 5 || Maths || Division,Perimeter
Let\u2019s Learn About Vegetables | Learn Vegetables For Kids | Pre School Junior | Vegetables Song,Perimeter
5th std Maths Syllabus | Mathematics | Money Part -1 | Exercises & Activities,Perimeter
Class 5 || Maths || Fractions   Equivalent Fractions,Perimeter
et\u2019s Learn & Draw Shapes | Learn Shapes For Kids | Shapes Song | Pre School Junior,Perimeter
Class 5 || Maths || Decimal Fractions,Perimeter
Number Names | Learn Maths | Maths School Syllabus | Maths For School,Perimeter
Perimeter | Maths for Kids | Grade 4 | Periwinkle,Perimeter
Perimeter of Triangle Square and Rectangle | Mathematics Grade 5 | Periwinkle,Perimeter
Introduction to Perimeter | #aumsum #kids #science #education #children,Perimeter
Lesson 2. Perimeter | Maths Session for Grade 08,Perimeter
Learn to Find Area and Perimeter of Square and Rectangle | Math | Grade-5 | Tutway |,Perimeter
Area | Mathematics Grade 5 | Periwinkle,Perimeter
Area of Square and Rectangle | Mathematics Grade 5 | Periwinkle,Perimeter
"Perimeter, And Area Of Triangle | Grade-4,5 | Tutway ",Perimeter
Math Antics - Perimeter,Perimeter
Story on Profit and Loss - Raheem's tasty food - Part 1 - English,Perimeter
"Simple Tenses - Present, Past and Future | English Grammar & Composition Grade 4 | Periwinkle",Perimeter
Basic Figures Of Geometry | Maths For Kids | Periwinkle,Perimeter
u2705 3 Simple and amazing Questions Only a Genius Can Answer-Intelligence Test (IQ) | part-1,Perimeter
Perimeter | Class 6 | Maths | CBSE | ICSE | FREE Tutorial,Perimeter
What Is Matter? - The Dr. Binocs Show | Best Learning Videos For Kids | Peekaboo Kidz,Perimeter
Introduction to Fractions | #aumsum #kids #science #education #children,Perimeter
Square Root Tricks | #aumsum #kids #science #education #children,Perimeter
Decimals - Meaning | Mathematics Grade 4 | Periwinkle,Perimeter
Perimeter | Mathematics Grade 3 | Periwinkle,Perimeter
"Measure Length | Mathematics Grade 1 | Periwinkle""",Perimeter
Perimeter for Kids | Math Lesson ,Perimeter
Learning about Area | #aumsum #kids #science #education #children,Perimeter
Triangles | Mathematics Grade 5 | Periwinkle,Perimeter
Decimals - Review | Mathematics Grade 5 | Periwinkle,Perimeter
Math Antics - Perimeter,Perimeter
O/L Maths Lessons in Sinhala - Perimeter | Grade 8 Lesson 2 Mathematics in Sinhala | guruthuma,Perimeter
Introduction - Mensuration - Chapter 11 - NCERT Class 8th Maths,Perimeter
Math Antics - Area,Perimeter
Introduction to Perimeter | #aumsum #kids #science #education #children,Perimeter
Perimeter | Maths for Kids | Grade 4 | Periwinkle,Perimeter
Learn to Find Area and Perimeter of Square and Rectangle | Math | Grade-5 | Tutway ,Perimeter
"Perimeter and area: the basics | Perimeter, area, and volume | Geometry | Khan Academy",Perimeter
Lesson 1. Perimeter |  Maths Session for Grade 10 #DPEducation #Grade10Maths #perimeter,Perimeter
"Perimeter of Triangle Square and Rectangle | Mathematics Grade 5 | Periwinkle"", ",Perimeter
Math Antics - Volume,Perimeter
Simple Math Tricks You Weren\u2019t Taught at School,Perimeter
u2705 3 Simple and amazing Questions Only a Genius Can Answer-Intelligence Test (IQ) | part-,Perimeter
Perimeter | Class 6 | Maths | CBSE | ICSE | FREE Tutorial,Perimeter
Area | Mathematics Grade 5 | Periwinkle,Perimeter
10 SECRET STUDY TIPS TO SCORE HIGHEST IN EXAMS || FASTEST WAY TO COVER ENTIRE SYLLABUS | STUDY HACKS,Perimeter
Math Antics - The Pythagorean Theore,Perimeter
Math Antics - Long Division,Perimeter
CARTESIAN COORDINATE SYSTEM || GRADE 8 MATHEMATICS Q1,Perimeter
"Math Antics - Circles, Circumference And Area",Perimeter
Math Antics - Order Of Operations,Perimeter
How to score Good Marks in Math? | 8 Tips to Study Math | Letstute,Perimeter
"""Q 2 - Ex 2.2 - Linear Equations in One Variable - NCERT Maths Class 8th - Chapter 2",Perimeter
Q 3 - Ex 2.2 - Linear Equations in One Variable - NCERT Maths Class 8th - Chapter 2,Perimeter
"Perimeter and area: the basics | Perimeter, area, and volume | Geometry | Khan Academy",Perimeter
Area and Perimeter,Perimeter
"Perimeter and area of a non-standard polygon | Perimeter, area, and volume | Geometry | Khan Academy",Perimeter
Math Antics - Perimeter,Perimeter
"Cylinder volume and surface area | Perimeter, area, and volume | Geometry | Khan Academy",Perimeter
"Challenging perimeter problem | Perimeter, area, and volume | Geometry | Khan Academy",Perimeter
"Area of an equilateral triangle | Perimeter, area, and volume | Geometry | Khan Academy",Perimeter
Introduction to perimeter | Measurement | Pre-Algebra | Khan Academy,Perimeter
Lesson 2. Perimeter | Maths Session for Grade 08,Perimeter
"a of a trapezoid | Perimeter, area, and volume | Geometry | Khan Academy",Perimeter
Introduction - Mensuration - Chapter 11 - NCERT Class 8th Maths,Perimeter
Comparing areas and perimeters of rectangles | Measurement | Pre-Algebra | Khan Academy,Perimeter
Rubi Theresa  Trick to remember trigonometric values|Palm Trick (In English,Perimeter
u2705 3 Simple and amazing Questions Only a Genius Can Answer-Intelligence Test (IQ) | part-1,Perimeter
Math Antics - Triangles,Perimeter
How to Find Area and Perimeter,Perimeter
"Triangle inequality theorem | Perimeter, area, and volume | Geometry | Khan Academy",Perimeter
Perimeter of a shape | Measurement | Pre-Algebra | Khan Academy,Perimeter
The Pythagorean theorem intro | Right triangles and trigonometry | Geometry | Khan Academy,Perimeter
"Introduction to ratios | Ratios, proportions, units, and rates | Pre-Algebra | Khan Academy",Perimeter
"Volume of a cone | Perimeter, area, and volume | Geometry | Khan Academy",Perimeter
Area of parallelograms intuition | Algebra I | High School Math | Khan Academy,Perimeter
"meter of a parallelogram | Perimeter, area, and volume | Geometry | Khan Academy",Perimeter
"Area of a circle | Perimeter, area, and volume | Geometry | Khan Academy",Perimeter
Lesson 2. Perimeter | Maths Session for Grade 08,Perimeter
Math Antics - Perimeter,Perimeter
STD-8 PERIMETER & AREA OF COMBINED SHAPES (TN,Perimeter
O/L Maths Lessons in Sinhala - Perimeter | Grade 8 Lesson 2 Mathematics in Sinhala | guruthuma,Perimeter
Grade 8 Introduction to Perimeter and Area,Perimeter
Math Antics - Area,Perimeter
Introduction - Mensuration - Chapter 11 - NCERT Class 8th Maths,Perimeter
Learn to Find Area and Perimeter of Square and Rectangle | Math | Grade-5 | Tutway |,Perimeter
Perimeter | Maths for Kids | Grade 4 | Periwinkle,Perimeter
"Perimeter and area: the basics | Perimeter, area, and volume | Geometry | Khan Academy",Perimeter
Introduction to Perimeter | #aumsum #kids #science #education #children,Perimeter
Lesson 1. Perimeter |  Maths Session for Grade 10 #DPEducation #Grade10Maths #perimeter,Perimeter
Grade 8 Geometry,Perimeter
"""9 Incredible Science Facts You Probably Didn't Learn At School",Perimeter
"Rubi Theresa  Trick to remember trigonometric values|Palm Trick (In English)"", ",Perimeter
Area | Mathematics Grade 5 | Periwinkle,Perimeter
Learning about Area | #aumsum #kids #science #education #children,Perimeter
Area and Perimeter,Perimeter
Perimeter for Kids | Math Lesson Video,Perimeter
Formula of area and perimeter //mathematics  ,Perimeter
"Q 2, Ex 11.1 - Perimeter and Area - Chapter 11 - Maths Class 7th - NCERT",Perimeter
"""Q 10, Ex 11.3 - Perimeter and Area - Chapter 11 - Maths Class 7th - NCERT"", ",Perimeter
"Q 3, Ex 11.2 - Perimeter and Area - Chapter 11 - Maths Class 7th - NCERT",Perimeter
"""Q 3, Ex 11.1 - Perimeter and Area - Chapter 11 - Maths Class 7th - NCERT",Perimeter
Number sets 1 | Fractions | Pre-Algebra | Khan Academy,Sets
Introduction to Sets for Roster Method & Set Builder Form | Algebra |  Math | Letstute,Sets
Types of sets,Sets
"Intersection of Sets, Union of Sets and Venn Diagrams",Sets
Number sets | Fractions | Pre-Algebra | Khan Academy,Sets
Set Builder Notation and Roster Method,Sets
Intersection and union of sets | Probability and Statistics | Khan Academy,Sets
"Sets: Union, Intersection, Complement",Sets
Ways to represent data | Data and statistics | 6th grade | Khan Academy,Sets
Relations and functions | Functions and their graphs | Algebra II | Khan Academy,Sets
Number sets 3 | Fractions | Pre-Algebra | Khan Academy,Sets
Intervals and interval notation | Functions | Algebra I | Khan Academy,Sets
"Introduction to ratios | Ratios, proportions, units, and rates | Pre-Algebra | Khan Academy",Sets
Problem solving Venn Diagrams- 3 sets HL,Sets
What is a Universal Set? | Don't Memorise,Sets
"Statistics intro: Mean, median, and mode | Data and statistics | 6th grade | Khan Academy",Sets
Thinking about shapes of distributions | Data and statistics | 6th grade | Khan Academy,Sets
Introduction to rational and irrational numbers | Algebra I | Khan Academy,Sets
Relative complement or difference between sets | Probability and Statistics | Khan Academy,Sets
Introduction to Sets for Roster Method & Set Builder Form | Algebra |  Math | Letstute,Sets
What are Sets? | Set Theory | Don't Memorise,Sets
Types of sets,Sets
"Intersection of Sets, Union of Sets and Venn Diagrams",Sets
Types of Sets Grade 6,Sets
Math Antics - Order Of Operations,Sets
Math Antics - Place Value,Sets
Simple Math Tricks You Weren\u2019t Taught at School,Sets
Math Antics - Number Patterns,Sets
Introduction of SET | Chapter 1 | Class 6 | Math Study Nepal,Sets
Class 6 - Mathematics - Chapter 1 - Lecture 1 Introduction to sets - Allied Schools,Sets
"Math Antics - Mean, Median and Mode",Sets
26 FAST MATHS TRICKS YOU MUST KNOW,Sets
Algebra Basics: What Is Algebra? - Math Antics,Sets
"Earth Science for Kids - Solar System, Weather, Fossils, Volcanoes & More - Rock 'N Learn",Sets
Math Antics - What Are Percentages?,Sets
What is a Universal Set? | Don't Memorise,Sets
INTRODUCTION TO INTEGERS | GRADE 6,Sets
6th Grade Math Assessment Practice Day 1,Sets
Math Antics - Perimeter,Sets
Finding LCM using prime factorisation,Sets
INTRODUCTION to SET THEORY - DISCRETE MATHEMATICS,Sets
Sets in Sinhala | kulaka | \u0d9a\u0dd4\u0dbd\u0d9a | O/L & Grade 10-11 maths | Questions with theory | Siyomaths \ud83c\uddf1\ud83c\uddf0,Sets
Learning Factors | Mathematics Grade 4 | Periwinkle,Sets
Introduction to Sets for Roster Method & Set Builder Form | Algebra |  Math | Letstute,Sets
9 Incredible Science Facts You Probably Didn't Learn At School,Sets
Mathematics - Grade 5: Union and Intersection of Sets,Sets
Types of Sets Grade 6,Sets
Types of sets,Sets
Grade 6 Science Lesson Sinhala medium|Science Channel Bro,Sets
,Sets
26 FAST MATHS TRICKS YOU MUST KNOW,Sets
"Intersection of Sets, Union of Sets and Venn Diagrams",Sets
Lesson 2. Sets | Maths Session for Grade 07,Sets
Sets I | Class 6 | Maths | CBSE | ICSE | FREE Tutorial,Sets
Gravity Compilation: Crash Course Kids,Sets
"Earth Science for Kids - Solar System, Weather, Fossils, Volcanoes & More - Rock 'N Learn",Sets
DIY Maths Squares Machine - Maths Working Model | Easy Maths Project For Exhibition | Maths Model,Sets
Magic with numbers | Number tricks | Smart Learning Tube,Sets
What are Sets? | Set Theory | Don't Memorise,Sets
Types Of Sets Introduction | ICSE Mathematics | Vedantu Class 6 - 8 | Young Wonders | Priya Ma'am,Sets
Sets in Sinhala | kulaka | \u0d9a\u0dd4\u0dbd\u0d9a | O/L & Grade 10-11 maths | Questions with theory | Siyomaths \ud83c\uddf1\ud83c\uddf0,Sets
"Sets: Union, Intersection, Complement",Sets
Grade 6 maths sinhala 6 \u0dc0\u0dc3\u0dbb \u0daf\u0dd9\u0dc0\u0db1 \u0dc0\u0dcf\u0dbb\u0dba \u0db4\u0dc5\u0db8\u0dd4 \u0db4\u0dcf\u0da9\u0db8  mathematics sinhala ganithaya 6 wasara,Sets
"06 - What is a Function in Math? (Learn Function Definition, Domain & Range in Algebra)",Sets
6th Grade Math Assessment Practice Day 1,Sets
"Sets Exercise 1.3 (Q1, Q2) class 11 Maths Ncert",Sets
"Understanding Elementary Shapes\"" Chapter 5 - Introduction - Class 6th Maths",Sets
Lesson 2. Sets | Maths Session for Grade 07,Sets
Simple Math Tricks You Weren\u2019t Taught at School,Sets
GRADE 7 MATHEMATICS || PROBLEMS INVOLVING SETS,Sets
Science | Grade 7 Science 11th Lesson ,Sets
"Intersection of Sets, Union of Sets and Venn Diagrams",Sets
Grade 7 Math: Introduction to Sets,Sets
Introduction to Sets for Roster Method & Set Builder Form | Algebra |  Math | Letstute,Sets
Grade 7 Science Unit 8 | Earth ,Sets
INTRODUCTION TO SETS || GRADE 7 MATHEMATICS Q1,Sets
7 Effective Tips & Tricks In 1 Video | Mathematics study tips | Super Tips to Score 100% in Maths,Sets
Grade 7 Science Unit 9 | Light | \u0d86\u0dbd\u0ddd\u0d9a\u0dba,Sets
"Earth Science for Kids - Solar System, Weather, Fossils, Volcanoes & More - Rock 'N Learn",Sets
Sets Basics - Introduction | Don't Memorise,Sets
| Sets - 07,Sets
Factors and Multiples - 07,Sets
Grade 7 Math Q1 Ep1: Sets,Sets
Grade 7 maths lessons sinhala lesson 2,Sets
Grade 7 Science Unit 5 | Acids and Bases ,Sets
FASTEST WAY TO COVER THE SYLLABUS | 5 STUDY STRATEGIES | HOW TO STUDY IN EXAM TIME | MOTIVATION,Sets
Set Theory - Union Intersection Complement Subset - Class 7 & 8 Math,Sets
9 Incredible Science Facts You Probably Didn't Learn At School,Sets
Types of sets,Sets
5 TIPS TO STUDY WELL IN TAMIL|How to Study for Exams in tamil|SMART STUDY METHODS|almost everything,Sets
Lesson 2. Sets | Maths Session for Grade 07,Sets
Introduction to Sets for Roster Method & Set Builder Form | Algebra |  Math | Letstute,Sets
Circle And Its Construction | Mathematics Grade 5 | Periwinkle,Sets
Highest Common Factor (HCF) | Mathematics Grade 4 | Periwinkle,Sets
Multiples | Mathematics Grade 4 | Periwinkle,Sets
Cubes Of Numbers | Mathematics Grade 5 | Periwinkle,Sets
"Simple Tenses - Present, Past and Future | English Grammar & Composition Grade 4 | Periwinkl",Sets
Number Systems | Mathematics Grade 5 | Periwinkle,Sets
Rules Of Divisibility | Mathematics Grade 4 | Periwinkle,Sets
Ratio | Mathematics Grade 5 | Periwinkle,Sets
Direct And Indirect Objects | English Grammar & Composition Grade 5 | Periwinkle,Sets
Introduction to Fractions | #aumsum #kids #science #education #children,Sets
,Sets
Basic Division | #aumsum #kids #science #education #children,Sets
Ones & Tens | Mathematics Grade 1 | Periwinkle,Sets
Prime and Composite Numbers | Mathematics Grade 4 | Periwinkle,Sets
Equal Parts of a Whole | Mathematics Grade 3 | Periwinkle,Sets
Best English Stories Compilation For Kids | 17 Short Moral Stories Collection | Periwinkle,Sets
Introduction To Negative Numbers |  Maths Concept For Kids | Maths Grade 5 | Periwinkle,Sets
Collective Nouns | English Grammar & Composition Grade 3 | Periwinkle,Sets
Our Solar System and The Universe | Science for Kids | Grade 3 | Periwinkle,Sets
egers | Class 7 | Maths| CBSE | ICSE | FREE Tutori,Sets
International Number System | Mathematics Grade 4 | Periwinkle,Sets
